--
-- PostgreSQL database dump
--

-- Dumped from database version 16.0
-- Dumped by pg_dump version 16.0

-- Started on 2023-10-19 16:14:35

SET statement_timeout = 0;
SET lock_timeout = 0;
SET idle_in_transaction_session_timeout = 0;
SET client_encoding = 'UTF8';
SET standard_conforming_strings = on;
SELECT pg_catalog.set_config('search_path', '', false);
SET check_function_bodies = false;
SET xmloption = content;
SET client_min_messages = warning;
SET row_security = off;

SET default_tablespace = '';

SET default_table_access_method = heap;

--
-- TOC entry 222 (class 1259 OID 16791)
-- Name: auth_group; Type: TABLE; Schema: public; Owner: ecoshop
--

CREATE TABLE public.auth_group (
    id integer NOT NULL,
    name character varying(150) NOT NULL
);


ALTER TABLE public.auth_group OWNER TO ecoshop;

--
-- TOC entry 221 (class 1259 OID 16790)
-- Name: auth_group_id_seq; Type: SEQUENCE; Schema: public; Owner: ecoshop
--

ALTER TABLE public.auth_group ALTER COLUMN id ADD GENERATED BY DEFAULT AS IDENTITY (
    SEQUENCE NAME public.auth_group_id_seq
    START WITH 1
    INCREMENT BY 1
    NO MINVALUE
    NO MAXVALUE
    CACHE 1
);


--
-- TOC entry 224 (class 1259 OID 16799)
-- Name: auth_group_permissions; Type: TABLE; Schema: public; Owner: ecoshop
--

CREATE TABLE public.auth_group_permissions (
    id bigint NOT NULL,
    group_id integer NOT NULL,
    permission_id integer NOT NULL
);


ALTER TABLE public.auth_group_permissions OWNER TO ecoshop;

--
-- TOC entry 223 (class 1259 OID 16798)
-- Name: auth_group_permissions_id_seq; Type: SEQUENCE; Schema: public; Owner: ecoshop
--

ALTER TABLE public.auth_group_permissions ALTER COLUMN id ADD GENERATED BY DEFAULT AS IDENTITY (
    SEQUENCE NAME public.auth_group_permissions_id_seq
    START WITH 1
    INCREMENT BY 1
    NO MINVALUE
    NO MAXVALUE
    CACHE 1
);


--
-- TOC entry 220 (class 1259 OID 16785)
-- Name: auth_permission; Type: TABLE; Schema: public; Owner: ecoshop
--

CREATE TABLE public.auth_permission (
    id integer NOT NULL,
    name character varying(255) NOT NULL,
    content_type_id integer NOT NULL,
    codename character varying(100) NOT NULL
);


ALTER TABLE public.auth_permission OWNER TO ecoshop;

--
-- TOC entry 219 (class 1259 OID 16784)
-- Name: auth_permission_id_seq; Type: SEQUENCE; Schema: public; Owner: ecoshop
--

ALTER TABLE public.auth_permission ALTER COLUMN id ADD GENERATED BY DEFAULT AS IDENTITY (
    SEQUENCE NAME public.auth_permission_id_seq
    START WITH 1
    INCREMENT BY 1
    NO MINVALUE
    NO MAXVALUE
    CACHE 1
);


--
-- TOC entry 226 (class 1259 OID 16805)
-- Name: auth_user; Type: TABLE; Schema: public; Owner: ecoshop
--

CREATE TABLE public.auth_user (
    id integer NOT NULL,
    password character varying(128) NOT NULL,
    last_login timestamp with time zone,
    is_superuser boolean NOT NULL,
    username character varying(150) NOT NULL,
    first_name character varying(150) NOT NULL,
    last_name character varying(150) NOT NULL,
    email character varying(254) NOT NULL,
    is_staff boolean NOT NULL,
    is_active boolean NOT NULL,
    date_joined timestamp with time zone NOT NULL
);


ALTER TABLE public.auth_user OWNER TO ecoshop;

--
-- TOC entry 228 (class 1259 OID 16813)
-- Name: auth_user_groups; Type: TABLE; Schema: public; Owner: ecoshop
--

CREATE TABLE public.auth_user_groups (
    id bigint NOT NULL,
    user_id integer NOT NULL,
    group_id integer NOT NULL
);


ALTER TABLE public.auth_user_groups OWNER TO ecoshop;

--
-- TOC entry 227 (class 1259 OID 16812)
-- Name: auth_user_groups_id_seq; Type: SEQUENCE; Schema: public; Owner: ecoshop
--

ALTER TABLE public.auth_user_groups ALTER COLUMN id ADD GENERATED BY DEFAULT AS IDENTITY (
    SEQUENCE NAME public.auth_user_groups_id_seq
    START WITH 1
    INCREMENT BY 1
    NO MINVALUE
    NO MAXVALUE
    CACHE 1
);


--
-- TOC entry 225 (class 1259 OID 16804)
-- Name: auth_user_id_seq; Type: SEQUENCE; Schema: public; Owner: ecoshop
--

ALTER TABLE public.auth_user ALTER COLUMN id ADD GENERATED BY DEFAULT AS IDENTITY (
    SEQUENCE NAME public.auth_user_id_seq
    START WITH 1
    INCREMENT BY 1
    NO MINVALUE
    NO MAXVALUE
    CACHE 1
);


--
-- TOC entry 230 (class 1259 OID 16819)
-- Name: auth_user_user_permissions; Type: TABLE; Schema: public; Owner: ecoshop
--

CREATE TABLE public.auth_user_user_permissions (
    id bigint NOT NULL,
    user_id integer NOT NULL,
    permission_id integer NOT NULL
);


ALTER TABLE public.auth_user_user_permissions OWNER TO ecoshop;

--
-- TOC entry 229 (class 1259 OID 16818)
-- Name: auth_user_user_permissions_id_seq; Type: SEQUENCE; Schema: public; Owner: ecoshop
--

ALTER TABLE public.auth_user_user_permissions ALTER COLUMN id ADD GENERATED BY DEFAULT AS IDENTITY (
    SEQUENCE NAME public.auth_user_user_permissions_id_seq
    START WITH 1
    INCREMENT BY 1
    NO MINVALUE
    NO MAXVALUE
    CACHE 1
);


--
-- TOC entry 232 (class 1259 OID 16877)
-- Name: django_admin_log; Type: TABLE; Schema: public; Owner: ecoshop
--

CREATE TABLE public.django_admin_log (
    id integer NOT NULL,
    action_time timestamp with time zone NOT NULL,
    object_id text,
    object_repr character varying(200) NOT NULL,
    action_flag smallint NOT NULL,
    change_message text NOT NULL,
    content_type_id integer,
    user_id integer NOT NULL,
    CONSTRAINT django_admin_log_action_flag_check CHECK ((action_flag >= 0))
);


ALTER TABLE public.django_admin_log OWNER TO ecoshop;

--
-- TOC entry 231 (class 1259 OID 16876)
-- Name: django_admin_log_id_seq; Type: SEQUENCE; Schema: public; Owner: ecoshop
--

ALTER TABLE public.django_admin_log ALTER COLUMN id ADD GENERATED BY DEFAULT AS IDENTITY (
    SEQUENCE NAME public.django_admin_log_id_seq
    START WITH 1
    INCREMENT BY 1
    NO MINVALUE
    NO MAXVALUE
    CACHE 1
);


--
-- TOC entry 218 (class 1259 OID 16777)
-- Name: django_content_type; Type: TABLE; Schema: public; Owner: ecoshop
--

CREATE TABLE public.django_content_type (
    id integer NOT NULL,
    app_label character varying(100) NOT NULL,
    model character varying(100) NOT NULL
);


ALTER TABLE public.django_content_type OWNER TO ecoshop;

--
-- TOC entry 217 (class 1259 OID 16776)
-- Name: django_content_type_id_seq; Type: SEQUENCE; Schema: public; Owner: ecoshop
--

ALTER TABLE public.django_content_type ALTER COLUMN id ADD GENERATED BY DEFAULT AS IDENTITY (
    SEQUENCE NAME public.django_content_type_id_seq
    START WITH 1
    INCREMENT BY 1
    NO MINVALUE
    NO MAXVALUE
    CACHE 1
);


--
-- TOC entry 216 (class 1259 OID 16769)
-- Name: django_migrations; Type: TABLE; Schema: public; Owner: ecoshop
--

CREATE TABLE public.django_migrations (
    id bigint NOT NULL,
    app character varying(255) NOT NULL,
    name character varying(255) NOT NULL,
    applied timestamp with time zone NOT NULL
);


ALTER TABLE public.django_migrations OWNER TO ecoshop;

--
-- TOC entry 215 (class 1259 OID 16768)
-- Name: django_migrations_id_seq; Type: SEQUENCE; Schema: public; Owner: ecoshop
--

ALTER TABLE public.django_migrations ALTER COLUMN id ADD GENERATED BY DEFAULT AS IDENTITY (
    SEQUENCE NAME public.django_migrations_id_seq
    START WITH 1
    INCREMENT BY 1
    NO MINVALUE
    NO MAXVALUE
    CACHE 1
);


--
-- TOC entry 249 (class 1259 OID 17009)
-- Name: django_session; Type: TABLE; Schema: public; Owner: ecoshop
--

CREATE TABLE public.django_session (
    session_key character varying(40) NOT NULL,
    session_data text NOT NULL,
    expire_date timestamp with time zone NOT NULL
);


ALTER TABLE public.django_session OWNER TO ecoshop;

--
-- TOC entry 234 (class 1259 OID 16906)
-- Name: ecoshop_category; Type: TABLE; Schema: public; Owner: ecoshop
--

CREATE TABLE public.ecoshop_category (
    id bigint NOT NULL,
    name character varying(100) NOT NULL
);


ALTER TABLE public.ecoshop_category OWNER TO ecoshop;

--
-- TOC entry 233 (class 1259 OID 16905)
-- Name: ecoshop_category_id_seq; Type: SEQUENCE; Schema: public; Owner: ecoshop
--

ALTER TABLE public.ecoshop_category ALTER COLUMN id ADD GENERATED BY DEFAULT AS IDENTITY (
    SEQUENCE NAME public.ecoshop_category_id_seq
    START WITH 1
    INCREMENT BY 1
    NO MINVALUE
    NO MAXVALUE
    CACHE 1
);


--
-- TOC entry 236 (class 1259 OID 16912)
-- Name: ecoshop_customer; Type: TABLE; Schema: public; Owner: ecoshop
--

CREATE TABLE public.ecoshop_customer (
    id bigint NOT NULL,
    name character varying(100) NOT NULL,
    address text,
    email character varying(254) NOT NULL,
    phone character varying(15) NOT NULL
);


ALTER TABLE public.ecoshop_customer OWNER TO ecoshop;

--
-- TOC entry 235 (class 1259 OID 16911)
-- Name: ecoshop_customer_id_seq; Type: SEQUENCE; Schema: public; Owner: ecoshop
--

ALTER TABLE public.ecoshop_customer ALTER COLUMN id ADD GENERATED BY DEFAULT AS IDENTITY (
    SEQUENCE NAME public.ecoshop_customer_id_seq
    START WITH 1
    INCREMENT BY 1
    NO MINVALUE
    NO MAXVALUE
    CACHE 1
);


--
-- TOC entry 253 (class 1259 OID 17028)
-- Name: ecoshop_customer_rating; Type: TABLE; Schema: public; Owner: ecoshop
--

CREATE TABLE public.ecoshop_customer_rating (
    id bigint NOT NULL,
    rating integer NOT NULL,
    date timestamp with time zone NOT NULL,
    author_id bigint NOT NULL,
    customer_id bigint NOT NULL,
    CONSTRAINT ecoshop_customerrating_rating_check CHECK ((rating >= 0))
);


ALTER TABLE public.ecoshop_customer_rating OWNER TO ecoshop;

--
-- TOC entry 252 (class 1259 OID 17027)
-- Name: ecoshop_customerrating_id_seq; Type: SEQUENCE; Schema: public; Owner: ecoshop
--

ALTER TABLE public.ecoshop_customer_rating ALTER COLUMN id ADD GENERATED BY DEFAULT AS IDENTITY (
    SEQUENCE NAME public.ecoshop_customerrating_id_seq
    START WITH 1
    INCREMENT BY 1
    NO MINVALUE
    NO MAXVALUE
    CACHE 1
);


--
-- TOC entry 248 (class 1259 OID 16957)
-- Name: ecoshop_passport; Type: TABLE; Schema: public; Owner: ecoshop
--

CREATE TABLE public.ecoshop_passport (
    id bigint NOT NULL,
    passport_number character varying(10) NOT NULL,
    passport_series character varying(10) NOT NULL,
    customer_id bigint NOT NULL
);


ALTER TABLE public.ecoshop_passport OWNER TO ecoshop;

--
-- TOC entry 247 (class 1259 OID 16956)
-- Name: ecoshop_passport_id_seq; Type: SEQUENCE; Schema: public; Owner: ecoshop
--

ALTER TABLE public.ecoshop_passport ALTER COLUMN id ADD GENERATED BY DEFAULT AS IDENTITY (
    SEQUENCE NAME public.ecoshop_passport_id_seq
    START WITH 1
    INCREMENT BY 1
    NO MINVALUE
    NO MAXVALUE
    CACHE 1
);


--
-- TOC entry 238 (class 1259 OID 16920)
-- Name: ecoshop_product; Type: TABLE; Schema: public; Owner: ecoshop
--

CREATE TABLE public.ecoshop_product (
    id bigint NOT NULL,
    name character varying(100) NOT NULL,
    description text NOT NULL,
    price numeric(10,2) NOT NULL,
    amount integer NOT NULL,
    date timestamp with time zone NOT NULL,
    category_id bigint NOT NULL,
    CONSTRAINT ecoshop_product_amount_check CHECK ((amount >= 0))
);


ALTER TABLE public.ecoshop_product OWNER TO ecoshop;

--
-- TOC entry 240 (class 1259 OID 16929)
-- Name: ecoshop_product_customers; Type: TABLE; Schema: public; Owner: ecoshop
--

CREATE TABLE public.ecoshop_product_customers (
    id bigint NOT NULL,
    product_id bigint NOT NULL,
    customer_id bigint NOT NULL
);


ALTER TABLE public.ecoshop_product_customers OWNER TO ecoshop;

--
-- TOC entry 239 (class 1259 OID 16928)
-- Name: ecoshop_product_customers_id_seq; Type: SEQUENCE; Schema: public; Owner: ecoshop
--

ALTER TABLE public.ecoshop_product_customers ALTER COLUMN id ADD GENERATED BY DEFAULT AS IDENTITY (
    SEQUENCE NAME public.ecoshop_product_customers_id_seq
    START WITH 1
    INCREMENT BY 1
    NO MINVALUE
    NO MAXVALUE
    CACHE 1
);


--
-- TOC entry 237 (class 1259 OID 16919)
-- Name: ecoshop_product_id_seq; Type: SEQUENCE; Schema: public; Owner: ecoshop
--

ALTER TABLE public.ecoshop_product ALTER COLUMN id ADD GENERATED BY DEFAULT AS IDENTITY (
    SEQUENCE NAME public.ecoshop_product_id_seq
    START WITH 1
    INCREMENT BY 1
    NO MINVALUE
    NO MAXVALUE
    CACHE 1
);


--
-- TOC entry 246 (class 1259 OID 16951)
-- Name: ecoshop_product_vendors; Type: TABLE; Schema: public; Owner: ecoshop
--

CREATE TABLE public.ecoshop_product_vendors (
    id bigint NOT NULL,
    product_id bigint NOT NULL,
    vendor_id bigint NOT NULL
);


ALTER TABLE public.ecoshop_product_vendors OWNER TO ecoshop;

--
-- TOC entry 245 (class 1259 OID 16950)
-- Name: ecoshop_product_vendors_id_seq; Type: SEQUENCE; Schema: public; Owner: ecoshop
--

ALTER TABLE public.ecoshop_product_vendors ALTER COLUMN id ADD GENERATED BY DEFAULT AS IDENTITY (
    SEQUENCE NAME public.ecoshop_product_vendors_id_seq
    START WITH 1
    INCREMENT BY 1
    NO MINVALUE
    NO MAXVALUE
    CACHE 1
);


--
-- TOC entry 244 (class 1259 OID 16943)
-- Name: ecoshop_review; Type: TABLE; Schema: public; Owner: ecoshop
--

CREATE TABLE public.ecoshop_review (
    id bigint NOT NULL,
    title character varying(100) NOT NULL,
    description text NOT NULL,
    author character varying(100) NOT NULL,
    date timestamp with time zone NOT NULL,
    product_id bigint NOT NULL
);


ALTER TABLE public.ecoshop_review OWNER TO ecoshop;

--
-- TOC entry 243 (class 1259 OID 16942)
-- Name: ecoshop_review_id_seq; Type: SEQUENCE; Schema: public; Owner: ecoshop
--

ALTER TABLE public.ecoshop_review ALTER COLUMN id ADD GENERATED BY DEFAULT AS IDENTITY (
    SEQUENCE NAME public.ecoshop_review_id_seq
    START WITH 1
    INCREMENT BY 1
    NO MINVALUE
    NO MAXVALUE
    CACHE 1
);


--
-- TOC entry 242 (class 1259 OID 16935)
-- Name: ecoshop_vendor; Type: TABLE; Schema: public; Owner: ecoshop
--

CREATE TABLE public.ecoshop_vendor (
    id bigint NOT NULL,
    name character varying(100) NOT NULL,
    address text,
    email character varying(254) NOT NULL,
    phone character varying(15) NOT NULL,
    inn character varying(12)
);


ALTER TABLE public.ecoshop_vendor OWNER TO ecoshop;

--
-- TOC entry 241 (class 1259 OID 16934)
-- Name: ecoshop_vendor_id_seq; Type: SEQUENCE; Schema: public; Owner: ecoshop
--

ALTER TABLE public.ecoshop_vendor ALTER COLUMN id ADD GENERATED BY DEFAULT AS IDENTITY (
    SEQUENCE NAME public.ecoshop_vendor_id_seq
    START WITH 1
    INCREMENT BY 1
    NO MINVALUE
    NO MAXVALUE
    CACHE 1
);


--
-- TOC entry 251 (class 1259 OID 17021)
-- Name: ecoshop_vendor_rating; Type: TABLE; Schema: public; Owner: ecoshop
--

CREATE TABLE public.ecoshop_vendor_rating (
    id bigint NOT NULL,
    rating integer NOT NULL,
    date timestamp with time zone NOT NULL,
    author_id bigint NOT NULL,
    vendor_id bigint NOT NULL,
    CONSTRAINT ecoshop_vendorrating_rating_check CHECK ((rating >= 0))
);


ALTER TABLE public.ecoshop_vendor_rating OWNER TO ecoshop;

--
-- TOC entry 250 (class 1259 OID 17020)
-- Name: ecoshop_vendorrating_id_seq; Type: SEQUENCE; Schema: public; Owner: ecoshop
--

ALTER TABLE public.ecoshop_vendor_rating ALTER COLUMN id ADD GENERATED BY DEFAULT AS IDENTITY (
    SEQUENCE NAME public.ecoshop_vendorrating_id_seq
    START WITH 1
    INCREMENT BY 1
    NO MINVALUE
    NO MAXVALUE
    CACHE 1
);


--
-- TOC entry 4985 (class 0 OID 16791)
-- Dependencies: 222
-- Data for Name: auth_group; Type: TABLE DATA; Schema: public; Owner: ecoshop
--



--
-- TOC entry 4987 (class 0 OID 16799)
-- Dependencies: 224
-- Data for Name: auth_group_permissions; Type: TABLE DATA; Schema: public; Owner: ecoshop
--



--
-- TOC entry 4983 (class 0 OID 16785)
-- Dependencies: 220
-- Data for Name: auth_permission; Type: TABLE DATA; Schema: public; Owner: ecoshop
--

INSERT INTO public.auth_permission VALUES (1, 'Can add log entry', 1, 'add_logentry');
INSERT INTO public.auth_permission VALUES (2, 'Can change log entry', 1, 'change_logentry');
INSERT INTO public.auth_permission VALUES (3, 'Can delete log entry', 1, 'delete_logentry');
INSERT INTO public.auth_permission VALUES (4, 'Can view log entry', 1, 'view_logentry');
INSERT INTO public.auth_permission VALUES (5, 'Can add permission', 2, 'add_permission');
INSERT INTO public.auth_permission VALUES (6, 'Can change permission', 2, 'change_permission');
INSERT INTO public.auth_permission VALUES (7, 'Can delete permission', 2, 'delete_permission');
INSERT INTO public.auth_permission VALUES (8, 'Can view permission', 2, 'view_permission');
INSERT INTO public.auth_permission VALUES (9, 'Can add group', 3, 'add_group');
INSERT INTO public.auth_permission VALUES (10, 'Can change group', 3, 'change_group');
INSERT INTO public.auth_permission VALUES (11, 'Can delete group', 3, 'delete_group');
INSERT INTO public.auth_permission VALUES (12, 'Can view group', 3, 'view_group');
INSERT INTO public.auth_permission VALUES (13, 'Can add user', 4, 'add_user');
INSERT INTO public.auth_permission VALUES (14, 'Can change user', 4, 'change_user');
INSERT INTO public.auth_permission VALUES (15, 'Can delete user', 4, 'delete_user');
INSERT INTO public.auth_permission VALUES (16, 'Can view user', 4, 'view_user');
INSERT INTO public.auth_permission VALUES (17, 'Can add content type', 5, 'add_contenttype');
INSERT INTO public.auth_permission VALUES (18, 'Can change content type', 5, 'change_contenttype');
INSERT INTO public.auth_permission VALUES (19, 'Can delete content type', 5, 'delete_contenttype');
INSERT INTO public.auth_permission VALUES (20, 'Can view content type', 5, 'view_contenttype');
INSERT INTO public.auth_permission VALUES (21, 'Can add session', 6, 'add_session');
INSERT INTO public.auth_permission VALUES (22, 'Can change session', 6, 'change_session');
INSERT INTO public.auth_permission VALUES (23, 'Can delete session', 6, 'delete_session');
INSERT INTO public.auth_permission VALUES (24, 'Can view session', 6, 'view_session');
INSERT INTO public.auth_permission VALUES (25, 'Can add category', 7, 'add_category');
INSERT INTO public.auth_permission VALUES (26, 'Can change category', 7, 'change_category');
INSERT INTO public.auth_permission VALUES (27, 'Can delete category', 7, 'delete_category');
INSERT INTO public.auth_permission VALUES (28, 'Can view category', 7, 'view_category');
INSERT INTO public.auth_permission VALUES (29, 'Can add customer', 8, 'add_customer');
INSERT INTO public.auth_permission VALUES (30, 'Can change customer', 8, 'change_customer');
INSERT INTO public.auth_permission VALUES (31, 'Can delete customer', 8, 'delete_customer');
INSERT INTO public.auth_permission VALUES (32, 'Can view customer', 8, 'view_customer');
INSERT INTO public.auth_permission VALUES (33, 'Can add product', 9, 'add_product');
INSERT INTO public.auth_permission VALUES (34, 'Can change product', 9, 'change_product');
INSERT INTO public.auth_permission VALUES (35, 'Can delete product', 9, 'delete_product');
INSERT INTO public.auth_permission VALUES (36, 'Can view product', 9, 'view_product');
INSERT INTO public.auth_permission VALUES (37, 'Can add vendor', 10, 'add_vendor');
INSERT INTO public.auth_permission VALUES (38, 'Can change vendor', 10, 'change_vendor');
INSERT INTO public.auth_permission VALUES (39, 'Can delete vendor', 10, 'delete_vendor');
INSERT INTO public.auth_permission VALUES (40, 'Can view vendor', 10, 'view_vendor');
INSERT INTO public.auth_permission VALUES (41, 'Can add review', 11, 'add_review');
INSERT INTO public.auth_permission VALUES (42, 'Can change review', 11, 'change_review');
INSERT INTO public.auth_permission VALUES (43, 'Can delete review', 11, 'delete_review');
INSERT INTO public.auth_permission VALUES (44, 'Can view review', 11, 'view_review');
INSERT INTO public.auth_permission VALUES (45, 'Can add passport', 12, 'add_passport');
INSERT INTO public.auth_permission VALUES (46, 'Can change passport', 12, 'change_passport');
INSERT INTO public.auth_permission VALUES (47, 'Can delete passport', 12, 'delete_passport');
INSERT INTO public.auth_permission VALUES (48, 'Can view passport', 12, 'view_passport');
INSERT INTO public.auth_permission VALUES (49, 'Can add vendor rating', 13, 'add_vendorrating');
INSERT INTO public.auth_permission VALUES (50, 'Can change vendor rating', 13, 'change_vendorrating');
INSERT INTO public.auth_permission VALUES (51, 'Can delete vendor rating', 13, 'delete_vendorrating');
INSERT INTO public.auth_permission VALUES (52, 'Can view vendor rating', 13, 'view_vendorrating');
INSERT INTO public.auth_permission VALUES (53, 'Can add customer rating', 14, 'add_customerrating');
INSERT INTO public.auth_permission VALUES (54, 'Can change customer rating', 14, 'change_customerrating');
INSERT INTO public.auth_permission VALUES (55, 'Can delete customer rating', 14, 'delete_customerrating');
INSERT INTO public.auth_permission VALUES (56, 'Can view customer rating', 14, 'view_customerrating');


--
-- TOC entry 4989 (class 0 OID 16805)
-- Dependencies: 226
-- Data for Name: auth_user; Type: TABLE DATA; Schema: public; Owner: ecoshop
--

INSERT INTO public.auth_user VALUES (1, 'pbkdf2_sha256$600000$jLKuaYSfzzKcppDxGmDld4$eHW8yg5QJqqFHOssG4IRX60WJQ6mvG4Ff2agmIRqEa0=', '2023-10-18 12:50:35.181251+03', true, 'ecoshop', '', '', '', true, true, '2023-10-18 12:50:24.512935+03');


--
-- TOC entry 4991 (class 0 OID 16813)
-- Dependencies: 228
-- Data for Name: auth_user_groups; Type: TABLE DATA; Schema: public; Owner: ecoshop
--



--
-- TOC entry 4993 (class 0 OID 16819)
-- Dependencies: 230
-- Data for Name: auth_user_user_permissions; Type: TABLE DATA; Schema: public; Owner: ecoshop
--



--
-- TOC entry 4995 (class 0 OID 16877)
-- Dependencies: 232
-- Data for Name: django_admin_log; Type: TABLE DATA; Schema: public; Owner: ecoshop
--

INSERT INTO public.django_admin_log VALUES (1, '2023-10-18 13:55:27.708245+03', '248', '''Friends'' Letterbox Christmas Cake by bakerdays - Letterbox Cake', 2, '[{"changed": {"fields": ["Vendors"]}}]', 9, 1);
INSERT INTO public.django_admin_log VALUES (2, '2023-10-18 15:23:14.234317+03', '21', 'John Without Passport', 2, '[{"changed": {"fields": ["Email"]}}]', 8, 1);


--
-- TOC entry 4981 (class 0 OID 16777)
-- Dependencies: 218
-- Data for Name: django_content_type; Type: TABLE DATA; Schema: public; Owner: ecoshop
--

INSERT INTO public.django_content_type VALUES (1, 'admin', 'logentry');
INSERT INTO public.django_content_type VALUES (2, 'auth', 'permission');
INSERT INTO public.django_content_type VALUES (3, 'auth', 'group');
INSERT INTO public.django_content_type VALUES (4, 'auth', 'user');
INSERT INTO public.django_content_type VALUES (5, 'contenttypes', 'contenttype');
INSERT INTO public.django_content_type VALUES (6, 'sessions', 'session');
INSERT INTO public.django_content_type VALUES (7, 'ecoshop', 'category');
INSERT INTO public.django_content_type VALUES (8, 'ecoshop', 'customer');
INSERT INTO public.django_content_type VALUES (9, 'ecoshop', 'product');
INSERT INTO public.django_content_type VALUES (10, 'ecoshop', 'vendor');
INSERT INTO public.django_content_type VALUES (11, 'ecoshop', 'review');
INSERT INTO public.django_content_type VALUES (12, 'ecoshop', 'passport');
INSERT INTO public.django_content_type VALUES (13, 'ecoshop', 'vendorrating');
INSERT INTO public.django_content_type VALUES (14, 'ecoshop', 'customerrating');


--
-- TOC entry 4979 (class 0 OID 16769)
-- Dependencies: 216
-- Data for Name: django_migrations; Type: TABLE DATA; Schema: public; Owner: ecoshop
--

INSERT INTO public.django_migrations VALUES (1, 'contenttypes', '0001_initial', '2023-10-18 11:47:56.392079+03');
INSERT INTO public.django_migrations VALUES (2, 'auth', '0001_initial', '2023-10-18 11:47:56.516145+03');
INSERT INTO public.django_migrations VALUES (3, 'admin', '0001_initial', '2023-10-18 11:47:56.545431+03');
INSERT INTO public.django_migrations VALUES (4, 'admin', '0002_logentry_remove_auto_add', '2023-10-18 11:47:56.552385+03');
INSERT INTO public.django_migrations VALUES (5, 'admin', '0003_logentry_add_action_flag_choices', '2023-10-18 11:47:56.561394+03');
INSERT INTO public.django_migrations VALUES (6, 'contenttypes', '0002_remove_content_type_name', '2023-10-18 11:47:56.579325+03');
INSERT INTO public.django_migrations VALUES (7, 'auth', '0002_alter_permission_name_max_length', '2023-10-18 11:47:56.588305+03');
INSERT INTO public.django_migrations VALUES (8, 'auth', '0003_alter_user_email_max_length', '2023-10-18 11:47:56.597277+03');
INSERT INTO public.django_migrations VALUES (9, 'auth', '0004_alter_user_username_opts', '2023-10-18 11:47:56.605116+03');
INSERT INTO public.django_migrations VALUES (10, 'auth', '0005_alter_user_last_login_null', '2023-10-18 11:47:56.613131+03');
INSERT INTO public.django_migrations VALUES (11, 'auth', '0006_require_contenttypes_0002', '2023-10-18 11:47:56.61509+03');
INSERT INTO public.django_migrations VALUES (12, 'auth', '0007_alter_validators_add_error_messages', '2023-10-18 11:47:56.625065+03');
INSERT INTO public.django_migrations VALUES (13, 'auth', '0008_alter_user_username_max_length', '2023-10-18 11:47:56.639923+03');
INSERT INTO public.django_migrations VALUES (14, 'auth', '0009_alter_user_last_name_max_length', '2023-10-18 11:47:56.649572+03');
INSERT INTO public.django_migrations VALUES (15, 'auth', '0010_alter_group_name_max_length', '2023-10-18 11:47:56.658459+03');
INSERT INTO public.django_migrations VALUES (16, 'auth', '0011_update_proxy_permissions', '2023-10-18 11:47:56.667143+03');
INSERT INTO public.django_migrations VALUES (17, 'auth', '0012_alter_user_first_name_max_length', '2023-10-18 11:47:56.677112+03');
INSERT INTO public.django_migrations VALUES (18, 'ecoshop', '0001_initial', '2023-10-18 11:47:56.805827+03');
INSERT INTO public.django_migrations VALUES (19, 'sessions', '0001_initial', '2023-10-18 11:47:56.823813+03');
INSERT INTO public.django_migrations VALUES (20, 'ecoshop', '0002_rename_delivery_date_product_date_and_more', '2023-10-18 13:11:05.160702+03');
INSERT INTO public.django_migrations VALUES (21, 'ecoshop', '0003_alter_customerrating_table_alter_vendorrating_table', '2023-10-18 13:12:53.588496+03');
INSERT INTO public.django_migrations VALUES (22, 'ecoshop', '0004_alter_customerrating_table_alter_vendorrating_table', '2023-10-18 13:31:13.753709+03');
INSERT INTO public.django_migrations VALUES (23, 'ecoshop', '0005_alter_vendorrating_table', '2023-10-18 13:38:27.018365+03');


--
-- TOC entry 5012 (class 0 OID 17009)
-- Dependencies: 249
-- Data for Name: django_session; Type: TABLE DATA; Schema: public; Owner: ecoshop
--

INSERT INTO public.django_session VALUES ('y1blwdhmprbkkpj2t1g89kgpg8lklwb3', '.eJxVjEEOwiAQRe_C2pDSgh1cuvcMZBhmpGogKe3KeHfbpAvd_vfef6uA65LD2ngOU1IXZdTpd4tITy47SA8s96qplmWeot4VfdCmbzXx63q4fwcZW95q9iRkBbh3liGezdBZEx0JC1jyThg84maB9MmK8aPtBhAUSjCSoPp8AQ2HOUk:1qt3CF:rDIjJE33uv57TSXW2l4ENeUeV-u_WBx9IkN9qbQOs0k', '2023-11-01 12:50:35.186039+03');


--
-- TOC entry 4997 (class 0 OID 16906)
-- Dependencies: 234
-- Data for Name: ecoshop_category; Type: TABLE DATA; Schema: public; Owner: ecoshop
--

INSERT INTO public.ecoshop_category VALUES (1, 'Bakery');
INSERT INTO public.ecoshop_category VALUES (2, 'Cupboard');
INSERT INTO public.ecoshop_category VALUES (3, 'Fresh & Chilled');
INSERT INTO public.ecoshop_category VALUES (4, 'Cheese');
INSERT INTO public.ecoshop_category VALUES (5, 'Cured Meats & Charcuterie');
INSERT INTO public.ecoshop_category VALUES (6, 'Health Foods');
INSERT INTO public.ecoshop_category VALUES (7, 'Health Drinks');
INSERT INTO public.ecoshop_category VALUES (8, 'Chocolate & Treats');
INSERT INTO public.ecoshop_category VALUES (9, 'Drinks');
INSERT INTO public.ecoshop_category VALUES (10, 'Soft Drinks');
INSERT INTO public.ecoshop_category VALUES (11, 'Tea');
INSERT INTO public.ecoshop_category VALUES (12, 'Coffee');
INSERT INTO public.ecoshop_category VALUES (13, 'Gifts & Hampers');
INSERT INTO public.ecoshop_category VALUES (14, 'Home & Kitchen');
INSERT INTO public.ecoshop_category VALUES (15, 'Personal Care & Beauty');
INSERT INTO public.ecoshop_category VALUES (16, 'Christmas');
INSERT INTO public.ecoshop_category VALUES (17, 'Easter');


--
-- TOC entry 4999 (class 0 OID 16912)
-- Dependencies: 236
-- Data for Name: ecoshop_customer; Type: TABLE DATA; Schema: public; Owner: ecoshop
--

INSERT INTO public.ecoshop_customer VALUES (1, 'John Doe', '123 Main St, Anytown, USA', 'john.doe@email.com', '123-456-7890');
INSERT INTO public.ecoshop_customer VALUES (2, 'Jane Smith', '456 Elm St, Othertown, USA', 'jane.smith@email.com', '987-654-3210');
INSERT INTO public.ecoshop_customer VALUES (3, 'Bob Johnson', '789 Oak St, Somewhere, USA', 'bob.johnson@email.com', '555-123-4567');
INSERT INTO public.ecoshop_customer VALUES (4, 'Alice Brown', '101 Pine St, Nowhere, USA', 'alice.brown@email.com', '999-888-7777');
INSERT INTO public.ecoshop_customer VALUES (5, 'David Lee', '567 Maple St, Anyplace, USA', 'david.lee@email.com', '333-777-1111');
INSERT INTO public.ecoshop_customer VALUES (6, 'Sarah White', '890 Cedar St, Anyville, USA', 'sarah.white@email.com', '888-555-9999');
INSERT INTO public.ecoshop_customer VALUES (7, 'Michael Wilson', '234 Birch St, Everytown, USA', 'michael.wilson@email.com', '444-222-6666');
INSERT INTO public.ecoshop_customer VALUES (8, 'Lisa Taylor', '345 Redwood St, Overthere, USA', 'lisa.taylor@email.com', '777-444-3333');
INSERT INTO public.ecoshop_customer VALUES (9, 'Kevin Hall', '678 Pine St, Anotherplace, USA', 'kevin.hall@email.com', '222-333-5555');
INSERT INTO public.ecoshop_customer VALUES (10, 'Emily Martinez', '456 Cherry St, Anycity, USA', 'emily.martinez@email.com', '111-666-8888');
INSERT INTO public.ecoshop_customer VALUES (11, 'James Adams', '987 Willow St, Nowheretown, USA', 'james.adams@email.com', '666-999-3333');
INSERT INTO public.ecoshop_customer VALUES (12, 'Jessica Turner', '111 Oak St, Otherplace, USA', 'jessica.turner@email.com', '222-111-4444');
INSERT INTO public.ecoshop_customer VALUES (13, 'Daniel Harris', '222 Birch St, Anytown, USA', 'daniel.harris@email.com', '444-666-1111');
INSERT INTO public.ecoshop_customer VALUES (14, 'Karen Clark', '333 Cedar St, Elsewhere, USA', 'karen.clark@email.com', '111-777-2222');
INSERT INTO public.ecoshop_customer VALUES (15, 'Robert Rodriguez', '444 Maple St, Someplace, USA', 'robert.rodriguez@email.com', '888-777-4444');
INSERT INTO public.ecoshop_customer VALUES (16, 'Linda King', '555 Elm St, Anothertown, USA', 'linda.king@email.com', '333-888-5555');
INSERT INTO public.ecoshop_customer VALUES (17, 'William Baker', '666 Redwood St, Anycity, USA', 'william.baker@email.com', '777-111-2222');
INSERT INTO public.ecoshop_customer VALUES (18, 'Megan Green', '777 Cherry St, Nowheretown, USA', 'megan.green@email.com', '666-222-3333');
INSERT INTO public.ecoshop_customer VALUES (19, 'Thomas Murphy', '888 Willow St, Overthere, USA', 'thomas.murphy@email.com', '555-666-9999');
INSERT INTO public.ecoshop_customer VALUES (20, 'Olivia Young', '999 Oak St, Anyplace, USA', 'olivia.young@email.com', '111-333-7777');
INSERT INTO public.ecoshop_customer VALUES (21, 'John Without Passport', 'Withoutn address', 'example@exmaple.com', 'Without phone');


--
-- TOC entry 5016 (class 0 OID 17028)
-- Dependencies: 253
-- Data for Name: ecoshop_customer_rating; Type: TABLE DATA; Schema: public; Owner: ecoshop
--

INSERT INTO public.ecoshop_customer_rating VALUES (21, 6, '2023-11-06 00:00:00+03', 2, 18);
INSERT INTO public.ecoshop_customer_rating VALUES (22, 9, '2023-11-15 00:00:00+03', 40, 7);
INSERT INTO public.ecoshop_customer_rating VALUES (23, 3, '2023-03-22 00:00:00+03', 2, 5);
INSERT INTO public.ecoshop_customer_rating VALUES (24, 2, '2023-08-30 00:00:00+03', 31, 14);
INSERT INTO public.ecoshop_customer_rating VALUES (25, 8, '2023-01-10 00:00:00+03', 3, 3);
INSERT INTO public.ecoshop_customer_rating VALUES (26, 7, '2023-01-19 00:00:00+03', 35, 14);
INSERT INTO public.ecoshop_customer_rating VALUES (27, 8, '2023-01-07 00:00:00+03', 36, 11);
INSERT INTO public.ecoshop_customer_rating VALUES (28, 7, '2023-06-25 00:00:00+03', 37, 20);
INSERT INTO public.ecoshop_customer_rating VALUES (29, 9, '2023-06-25 00:00:00+03', 13, 7);
INSERT INTO public.ecoshop_customer_rating VALUES (30, 10, '2023-01-09 00:00:00+03', 7, 9);
INSERT INTO public.ecoshop_customer_rating VALUES (31, 9, '2023-04-09 00:00:00+03', 3, 5);
INSERT INTO public.ecoshop_customer_rating VALUES (32, 6, '2023-12-05 00:00:00+03', 7, 18);
INSERT INTO public.ecoshop_customer_rating VALUES (33, 4, '2023-05-21 00:00:00+03', 41, 6);
INSERT INTO public.ecoshop_customer_rating VALUES (34, 3, '2023-06-02 00:00:00+03', 16, 17);
INSERT INTO public.ecoshop_customer_rating VALUES (35, 2, '2023-07-11 00:00:00+03', 30, 2);
INSERT INTO public.ecoshop_customer_rating VALUES (36, 2, '2023-05-02 00:00:00+03', 34, 14);
INSERT INTO public.ecoshop_customer_rating VALUES (37, 4, '2023-12-17 00:00:00+03', 35, 9);
INSERT INTO public.ecoshop_customer_rating VALUES (38, 9, '2023-09-22 00:00:00+03', 37, 20);
INSERT INTO public.ecoshop_customer_rating VALUES (39, 6, '2023-07-05 00:00:00+03', 32, 20);
INSERT INTO public.ecoshop_customer_rating VALUES (40, 4, '2023-10-07 00:00:00+03', 37, 1);


--
-- TOC entry 5011 (class 0 OID 16957)
-- Dependencies: 248
-- Data for Name: ecoshop_passport; Type: TABLE DATA; Schema: public; Owner: ecoshop
--

INSERT INTO public.ecoshop_passport VALUES (2, '1234567', 'AB', 1);
INSERT INTO public.ecoshop_passport VALUES (3, '2345678', 'CD', 2);
INSERT INTO public.ecoshop_passport VALUES (4, '3456789', 'EF', 3);
INSERT INTO public.ecoshop_passport VALUES (5, '4567890', 'GH', 4);
INSERT INTO public.ecoshop_passport VALUES (6, '5678901', 'IJ', 5);
INSERT INTO public.ecoshop_passport VALUES (7, '6789012', 'KL', 6);
INSERT INTO public.ecoshop_passport VALUES (8, '7890123', 'MN', 7);
INSERT INTO public.ecoshop_passport VALUES (9, '8901234', 'OP', 8);
INSERT INTO public.ecoshop_passport VALUES (10, '9012345', 'QR', 9);
INSERT INTO public.ecoshop_passport VALUES (11, '1234567', 'ST', 10);
INSERT INTO public.ecoshop_passport VALUES (12, '2345678', 'UV', 11);
INSERT INTO public.ecoshop_passport VALUES (13, '3456789', 'WX', 12);
INSERT INTO public.ecoshop_passport VALUES (14, '4567890', 'YZ', 13);
INSERT INTO public.ecoshop_passport VALUES (15, '5678901', 'AB', 14);
INSERT INTO public.ecoshop_passport VALUES (16, '6789012', 'CD', 15);
INSERT INTO public.ecoshop_passport VALUES (17, '7890123', 'EF', 16);
INSERT INTO public.ecoshop_passport VALUES (18, '8901234', 'GH', 17);
INSERT INTO public.ecoshop_passport VALUES (19, '9012345', 'IJ', 18);
INSERT INTO public.ecoshop_passport VALUES (20, '1234567', 'KL', 19);
INSERT INTO public.ecoshop_passport VALUES (21, '2345678', 'MN', 20);


--
-- TOC entry 5001 (class 0 OID 16920)
-- Dependencies: 238
-- Data for Name: ecoshop_product; Type: TABLE DATA; Schema: public; Owner: ecoshop
--

INSERT INTO public.ecoshop_product VALUES (2, 'Cru8 Paleo Bread 400g', 'Perfect Product', 8.35, 821, '2023-10-17 00:00:00+03', 12);
INSERT INTO public.ecoshop_product VALUES (3, 'Organic Keto Bread Rolls by Cru8 240g - Keto Vegan Buns', 'Perfect Product', 7.25, 909, '2023-10-17 00:00:00+03', 10);
INSERT INTO public.ecoshop_product VALUES (4, 'Cru8 Keto Vegan Sesame Seed Bagels 240g', 'Perfect Product', 7.25, 540, '2023-10-17 00:00:00+03', 4);
INSERT INTO public.ecoshop_product VALUES (5, 'Box of 5 Gluten-Free Sourdough Fresh Baguettes - Freezable Bread (5 x 380g)', 'Perfect Product', 16.50, 769, '2023-10-17 00:00:00+03', 15);
INSERT INTO public.ecoshop_product VALUES (6, 'Sardinian Carasau Flat Bread 300g', 'Perfect Product', 6.50, 468, '2023-10-17 00:00:00+03', 2);
INSERT INTO public.ecoshop_product VALUES (7, 'Wheat Pita Bread by Alexakis 750g - Greek Pita Bread', 'Perfect Product', 3.90, 652, '2023-10-17 00:00:00+03', 1);
INSERT INTO public.ecoshop_product VALUES (8, 'Keto Almond Macaroons by Cru8 120g', 'Perfect Product', 6.45, 719, '2023-10-17 00:00:00+03', 2);
INSERT INTO public.ecoshop_product VALUES (9, 'Any Age Champagne Letterbox Cake by bakerdays - Personalised Birthday Cake', 'Perfect Product', 14.99, 729, '2023-10-17 00:00:00+03', 15);
INSERT INTO public.ecoshop_product VALUES (10, 'Keto Chocolate Brownie Loaf by Cru8 200g', 'Perfect Product', 5.99, 463, '2023-10-17 00:00:00+03', 16);
INSERT INTO public.ecoshop_product VALUES (11, 'Fruit Cake Selection by The Original Cake Company (3 x 400g) - Fruit Cake Set', 'Perfect Product', 17.90, 772, '2023-10-17 00:00:00+03', 1);
INSERT INTO public.ecoshop_product VALUES (12, 'Teff Enjera - Fermented Teff Bread by Tobia Teff 450g', 'Perfect Product', 5.99, 475, '2023-10-17 00:00:00+03', 15);
INSERT INTO public.ecoshop_product VALUES (13, 'Low-carb Victoria Sponge Keto Cake by Cru8 200g', 'Perfect Product', 5.99, 550, '2023-10-17 00:00:00+03', 17);
INSERT INTO public.ecoshop_product VALUES (14, 'Organic Paleo Carrot Cake Loaf by Cru8 250g - Spiced Carrot Cake', 'Perfect Product', 5.99, 147, '2023-10-17 00:00:00+03', 8);
INSERT INTO public.ecoshop_product VALUES (15, 'Keto Cacao Macaroons by Cru8 120g', 'Perfect Product', 6.45, 505, '2023-10-17 00:00:00+03', 12);
INSERT INTO public.ecoshop_product VALUES (16, 'T-Rex Letterbox Cake by bakerdays - Personalised Cake - T-Rex Birthday Cake', 'Perfect Product', 14.99, 964, '2023-10-17 00:00:00+03', 4);
INSERT INTO public.ecoshop_product VALUES (17, 'Cinnamon Keto Bagels by Cru8 240g - Vegan Keto Bread', 'Perfect Product', 7.25, 386, '2023-10-17 00:00:00+03', 14);
INSERT INTO public.ecoshop_product VALUES (18, 'Keto Pizza Bases by Keto8 (2 x 170g)', 'Perfect Product', 9.99, 445, '2023-10-17 00:00:00+03', 8);
INSERT INTO public.ecoshop_product VALUES (19, 'Keto Chocolate Chip Cookies by Cru8 120g', 'Perfect Product', 6.45, 408, '2023-10-17 00:00:00+03', 10);
INSERT INTO public.ecoshop_product VALUES (20, 'Pink Blossom Letterbox Cake by bakerdays - Personalised Cake', 'Perfect Product', 14.99, 364, '2023-10-17 00:00:00+03', 16);
INSERT INTO public.ecoshop_product VALUES (21, 'Organic Cacao & Banana Paleo Loaf by Cru8 250g', 'Perfect Product', 5.99, 625, '2023-10-17 00:00:00+03', 3);
INSERT INTO public.ecoshop_product VALUES (22, 'Raw Keto Millionaire''s Shortbread Pack by Cru8 (3 x 120g) - Raw Keto Caramel Slice', 'Perfect Product', 8.99, 767, '2023-10-17 00:00:00+03', 9);
INSERT INTO public.ecoshop_product VALUES (23, 'Keto Blondie Loaf by Cru8 200g', 'Perfect Product', 5.99, 954, '2023-10-17 00:00:00+03', 12);
INSERT INTO public.ecoshop_product VALUES (24, 'Christmas Fruit Cake Gift Box by The Original Cake Company (9 x 70g) - Festive Fruit Cake Gift', 'Perfect Product', 18.90, 771, '2023-10-17 00:00:00+03', 5);
INSERT INTO public.ecoshop_product VALUES (25, 'Organic Paleo Brownie Loaf by Cru8 250g', 'Perfect Product', 5.99, 843, '2023-10-17 00:00:00+03', 6);
INSERT INTO public.ecoshop_product VALUES (26, 'Pane Carasau by Murru & Lai 250g - Sardinian Crispbread', 'Perfect Product', 4.80, 967, '2023-10-17 00:00:00+03', 15);
INSERT INTO public.ecoshop_product VALUES (27, 'Vegan Keto Bagels - Keto8 Begals 240g - Vegan Bagels', 'Perfect Product', 7.25, 371, '2023-10-17 00:00:00+03', 10);
INSERT INTO public.ecoshop_product VALUES (28, 'Organic Paleo Kale Bread by Cru8 400g - Paleo Bread', 'Perfect Product', 8.35, 374, '2023-10-17 00:00:00+03', 4);
INSERT INTO public.ecoshop_product VALUES (29, 'Tarta de Santiago 600g - Spanish Almond Cake', 'Perfect Product', 17.50, 887, '2023-10-17 00:00:00+03', 2);
INSERT INTO public.ecoshop_product VALUES (30, 'Ready to Decorate Vegan Vanilla Sponge Cake by The Original Cake Company', 'Perfect Product', 11.50, 269, '2023-10-17 00:00:00+03', 2);
INSERT INTO public.ecoshop_product VALUES (31, 'Gluten-free Sourdough Bagel Selection Box by The Gluten Free Bakery - Gluten-free Bagels Box', 'Perfect Product', 12.25, 628, '2023-10-17 00:00:00+03', 1);
INSERT INTO public.ecoshop_product VALUES (32, 'Ready to Decorate Vanilla Cake by The Original Cake Company - Naked Vanilla Cake', 'Perfect Product', 10.25, 633, '2023-10-17 00:00:00+03', 15);
INSERT INTO public.ecoshop_product VALUES (33, 'Birthday Flower Garden Letterbox Cake by bakerdays - Personalised Birthday Cake', 'Perfect Product', 14.99, 385, '2023-10-17 00:00:00+03', 17);
INSERT INTO public.ecoshop_product VALUES (34, 'Harry Potter Brownies by bakerdays 750g - Chocolate Fudge Brownies', 'Perfect Product', 19.99, 158, '2023-10-17 00:00:00+03', 4);
INSERT INTO public.ecoshop_product VALUES (35, 'Pane Guttiau by Murru & Lai 250g - Sardinian Crispbread', 'Perfect Product', 5.20, 324, '2023-10-17 00:00:00+03', 3);
INSERT INTO public.ecoshop_product VALUES (36, 'Gluten-free Chocolate Brownie by Belle & Wilde', 'Perfect Product', 8.50, 908, '2023-10-17 00:00:00+03', 16);
INSERT INTO public.ecoshop_product VALUES (37, 'Happy Birthday Fruit Cake Selection Gift Box by The Original Cake Company (12 x 120g)', 'Perfect Product', 24.90, 891, '2023-10-17 00:00:00+03', 6);
INSERT INTO public.ecoshop_product VALUES (38, 'Organic Fig & Apple Paleo Bread by Cru8 250g', 'Perfect Product', 5.99, 152, '2023-10-17 00:00:00+03', 14);
INSERT INTO public.ecoshop_product VALUES (39, 'Vegan Keto Poppyseed Bagels - Keto8 Bagels 240g - Keto Bagels', 'Perfect Product', 7.25, 831, '2023-10-17 00:00:00+03', 9);
INSERT INTO public.ecoshop_product VALUES (40, 'Single Tier ''Spiderman'' Cake by bakerdays ', 'Perfect Product', 45.99, 477, '2023-10-17 00:00:00+03', 9);
INSERT INTO public.ecoshop_product VALUES (41, 'Organic Banana & Courgette Paleo Loaf by Cru8 250g', 'Perfect Product', 5.99, 430, '2023-10-17 00:00:00+03', 12);
INSERT INTO public.ecoshop_product VALUES (42, 'Ready to Decorate Chocolate Cake by The Original Cake Company - Naked Chocolate Cake', 'Perfect Product', 11.50, 560, '2023-10-17 00:00:00+03', 8);
INSERT INTO public.ecoshop_product VALUES (43, 'Dark Chocolate Cake by Pistocchi 250g - Italian Chocolate Cake', 'Perfect Product', 16.50, 295, '2023-10-17 00:00:00+03', 9);
INSERT INTO public.ecoshop_product VALUES (44, 'Panfrutto with Peach, Apricot & Lavender by I Dolci di Giotto 500g - Italian Fruit Bread', 'Perfect Product', 11.50, 233, '2023-10-17 00:00:00+03', 4);
INSERT INTO public.ecoshop_product VALUES (45, 'Italian Apricot Tart by I Dolci di Giotto 350g', 'Perfect Product', 7.30, 445, '2023-10-17 00:00:00+03', 8);
INSERT INTO public.ecoshop_product VALUES (46, 'Flax Seed Bread - Dillon Organic Keto Bread - Gluten-free Keto Bread', 'Perfect Product', 26.94, 940, '2023-10-17 00:00:00+03', 17);
INSERT INTO public.ecoshop_product VALUES (47, 'Ready to Decorate Fruit Cake by The Original Cake Company - Naked Fruit Cake', 'Perfect Product', 7.95, 966, '2023-10-17 00:00:00+03', 10);
INSERT INTO public.ecoshop_product VALUES (48, 'Raw Keto Brownie Pack by Cru8 (3 x 120g)', 'Perfect Product', 8.99, 609, '2023-10-17 00:00:00+03', 11);
INSERT INTO public.ecoshop_product VALUES (49, 'Brown Teff Bread by Tobia Teff 500g - Gluten-free Teff Bread - Organic Brown Bread', 'Perfect Product', 6.40, 378, '2023-10-17 00:00:00+03', 9);
INSERT INTO public.ecoshop_product VALUES (50, 'Ready to Decorate Red Velvet Cake by The Original Cake Company', 'Perfect Product', 9.50, 169, '2023-10-17 00:00:00+03', 5);
INSERT INTO public.ecoshop_product VALUES (51, 'Christmas Gluten-free Cake Selection by The Original Cake Company (5 x 330g)', 'Perfect Product', 35.95, 752, '2023-10-17 00:00:00+03', 11);
INSERT INTO public.ecoshop_product VALUES (52, 'Sticky Ginger Loaf Cake by The Original Cake Company 1kg', 'Perfect Product', 17.90, 170, '2023-10-17 00:00:00+03', 1);
INSERT INTO public.ecoshop_product VALUES (53, 'Purple Butterfly Letterbox Cake by bakerdays - Personalised Cake', 'Perfect Product', 14.99, 282, '2023-10-17 00:00:00+03', 2);
INSERT INTO public.ecoshop_product VALUES (54, 'Congratulations Cake Gift Box by The Original Cake Company (9 x 50g)', 'Perfect Product', 18.90, 257, '2023-10-17 00:00:00+03', 7);
INSERT INTO public.ecoshop_product VALUES (55, 'Almond & Orange Frangipane by I Dolci di Giotto 460g', 'Perfect Product', 10.70, 445, '2023-10-17 00:00:00+03', 6);
INSERT INTO public.ecoshop_product VALUES (56, 'Chocolate Truffle Cake Selection by The Original Cake Company (3 x 350g) - Chocolate Cake Set', 'Perfect Product', 17.90, 310, '2023-10-17 00:00:00+03', 14);
INSERT INTO public.ecoshop_product VALUES (57, 'Vegan & Gluten-free Afternoon Tea Gift Box for 1-2 by Positive Bakes', 'Perfect Product', 27.95, 472, '2023-10-17 00:00:00+03', 7);
INSERT INTO public.ecoshop_product VALUES (58, 'Single Tier ''Thomas the Tank Engine'' Cake by bakerdays ', 'Perfect Product', 45.99, 861, '2023-10-17 00:00:00+03', 13);
INSERT INTO public.ecoshop_product VALUES (59, 'Champagne Birthday Letterbox Cake by bakerdays - Personalised Birthday Cake', 'Perfect Product', 14.99, 185, '2023-10-17 00:00:00+03', 6);
INSERT INTO public.ecoshop_product VALUES (60, 'Daffodil Letterbox Cake by bakerdays - Personalised Cake', 'Perfect Product', 14.99, 752, '2023-10-17 00:00:00+03', 17);
INSERT INTO public.ecoshop_product VALUES (61, 'Vegan Brownie & Blondie Gift Box by Positive Bakes - Vegan Brownie Gift Box', 'Perfect Product', 26.95, 499, '2023-10-17 00:00:00+03', 6);
INSERT INTO public.ecoshop_product VALUES (62, 'Ready to Decorate Gluten-free Vanilla Sponge Cake by The Original Cake Company', 'Perfect Product', 11.50, 219, '2023-10-17 00:00:00+03', 8);
INSERT INTO public.ecoshop_product VALUES (63, 'Any Age Balloons Letterbox Cake by bakerdays - Personalised Birthday Cake', 'Perfect Product', 14.99, 277, '2023-10-17 00:00:00+03', 12);
INSERT INTO public.ecoshop_product VALUES (64, 'Farmhouse Fruit Loaf Cake by The Original Cake Company 1kg', 'Perfect Product', 17.90, 513, '2023-10-17 00:00:00+03', 4);
INSERT INTO public.ecoshop_product VALUES (65, 'White Teff Bread by Tobia Teff 500g - Gluten-free Teff Bread - Organic White Bread', 'Perfect Product', 6.40, 118, '2023-10-17 00:00:00+03', 17);
INSERT INTO public.ecoshop_product VALUES (66, 'Italian Rum Babà by Delicario 400g - Rum Babà in a Jar', 'Perfect Product', 18.50, 710, '2023-10-17 00:00:00+03', 12);
INSERT INTO public.ecoshop_product VALUES (67, '''Friends'' Clapper Board Letterbox Cake by bakerdays - Personalised Cake', 'Perfect Product', 14.99, 365, '2023-10-17 00:00:00+03', 16);
INSERT INTO public.ecoshop_product VALUES (68, 'Any Age Blue Number Letterbox Cake by bakerdays - Personalised Birthday Cake', 'Perfect Product', 14.99, 479, '2023-10-17 00:00:00+03', 14);
INSERT INTO public.ecoshop_product VALUES (69, 'Cocoa, Apricot & Cardamom Frangipane by I Dolci di Giotto 460g', 'Perfect Product', 10.70, 835, '2023-10-17 00:00:00+03', 5);
INSERT INTO public.ecoshop_product VALUES (70, 'Ready to Decorate Lemon Cake by The Original Cake Company - Naked Lemon Cake', 'Perfect Product', 11.50, 478, '2023-10-17 00:00:00+03', 5);
INSERT INTO public.ecoshop_product VALUES (71, 'Ready to Decorate Vegan Lemon Sponge Cake by The Original Cake Company', 'Perfect Product', 12.95, 991, '2023-10-17 00:00:00+03', 3);
INSERT INTO public.ecoshop_product VALUES (72, 'Beetroot Flax Seed Bread - Dillon Organic Keto Bread - Gluten-free Keto Bread', 'Perfect Product', 26.94, 326, '2023-10-17 00:00:00+03', 14);
INSERT INTO public.ecoshop_product VALUES (73, 'Sticky Toffee Loaf Cake by The Original Cake Company 1kg', 'Perfect Product', 17.95, 925, '2023-10-17 00:00:00+03', 3);
INSERT INTO public.ecoshop_product VALUES (74, 'Chia & Flax Seed Bread - Dillon Organic Keto Bread - Gluten-free Keto Bread', 'Perfect Product', 26.94, 821, '2023-10-17 00:00:00+03', 8);
INSERT INTO public.ecoshop_product VALUES (75, 'Granola Flapjack Tray Bake by The Original Cake Company', 'Perfect Product', 22.90, 504, '2023-10-17 00:00:00+03', 10);
INSERT INTO public.ecoshop_product VALUES (76, 'Watercolour Motorbike Letterbox Cake by bakerdays - Personalised Cake', 'Perfect Product', 14.99, 285, '2023-10-17 00:00:00+03', 11);
INSERT INTO public.ecoshop_product VALUES (77, 'Birthday Cake Box by Positive Bakes - Vegan Birthday Cake Gift with Candles', 'Perfect Product', 24.95, 347, '2023-10-17 00:00:00+03', 6);
INSERT INTO public.ecoshop_product VALUES (78, 'Champagne Wishes Letterbox Cake by bakerdays - Personalised Cake', 'Perfect Product', 14.99, 694, '2023-10-17 00:00:00+03', 6);
INSERT INTO public.ecoshop_product VALUES (79, 'Linseed Brown Teff Bread by Tobia Teff 500g - Organic Brown Bread - Gluten-free Teff Bread', 'Perfect Product', 6.99, 306, '2023-10-17 00:00:00+03', 4);
INSERT INTO public.ecoshop_product VALUES (80, 'Black Cherry, Pistachio & Lemon Cake in a Jar by Delicario 250g', 'Perfect Product', 15.50, 221, '2023-10-17 00:00:00+03', 17);
INSERT INTO public.ecoshop_product VALUES (81, '''Happy Birthday'' Letterbox Cake by bakerdays - Personalised Birthday Cake', 'Perfect Product', 14.99, 701, '2023-10-17 00:00:00+03', 5);
INSERT INTO public.ecoshop_product VALUES (82, 'Linseed White Teff Bread by Tobia Teff 500g - Organic White Bread - Gluten-free Teff Bread', 'Perfect Product', 6.99, 637, '2023-10-17 00:00:00+03', 17);
INSERT INTO public.ecoshop_product VALUES (83, '8 Vegan Tart Selection Box by Positive Bakes - Gluten-free Tart Set', 'Perfect Product', 29.95, 208, '2023-10-17 00:00:00+03', 16);
INSERT INTO public.ecoshop_product VALUES (84, '4 Vegan Tart Selection Box by Positive Bakes - Gluten-free Tart Set', 'Perfect Product', 15.50, 270, '2023-10-17 00:00:00+03', 8);
INSERT INTO public.ecoshop_product VALUES (85, 'Lilac Mothering Sunday Personalised Letterbox Cake by bakerdays - Mother''s Day Cake', 'Perfect Product', 14.99, 378, '2023-10-17 00:00:00+03', 8);
INSERT INTO public.ecoshop_product VALUES (86, 'Letterbox Brownies - Chocolate Brownie Gift Box by Letter Box Hamper - Chocolate Letterbox Gift', 'Perfect Product', 27.95, 121, '2023-10-17 00:00:00+03', 5);
INSERT INTO public.ecoshop_product VALUES (87, 'Date & Caramel Fruit Cake Gift Box by The Original Cake Company - Luxury Fruit Cake Gift', 'Perfect Product', 18.90, 637, '2023-10-17 00:00:00+03', 15);
INSERT INTO public.ecoshop_product VALUES (88, '''Havoc'' Halloween Chocolate Brownie Tray by The Original Cake Company', 'Perfect Product', 22.90, 562, '2023-10-17 00:00:00+03', 11);
INSERT INTO public.ecoshop_product VALUES (89, 'Vegan & Gluten-free Afternoon Tea Gift Box for 2-4 by Positive Bakes', 'Perfect Product', 48.95, 932, '2023-10-17 00:00:00+03', 3);
INSERT INTO public.ecoshop_product VALUES (90, 'Vegan Biscoff Rocky Road Slab by The Vegan Bakes 1kg - Vegan Rocky Road', 'Perfect Product', 10.00, 140, '2023-10-17 00:00:00+03', 9);
INSERT INTO public.ecoshop_product VALUES (91, 'Banoffee Flapjack Tray Bake by The Original Cake Company', 'Perfect Product', 22.90, 805, '2023-10-17 00:00:00+03', 6);
INSERT INTO public.ecoshop_product VALUES (92, 'Single Tier ''Avengers'' Trio Cake by bakerdays ', 'Perfect Product', 48.99, 315, '2023-10-17 00:00:00+03', 14);
INSERT INTO public.ecoshop_product VALUES (93, 'Christmas Chocolate Cake Gift Box by The Original Cake Company (9 x 50g)', 'Perfect Product', 18.90, 225, '2023-10-17 00:00:00+03', 11);
INSERT INTO public.ecoshop_product VALUES (94, 'Flower Number Letterbox Cake by bakerdays - Personalised Cake', 'Perfect Product', 14.99, 871, '2023-10-17 00:00:00+03', 15);
INSERT INTO public.ecoshop_product VALUES (95, 'Sultanas & Candied Peel Cake in a Jar by Delicario 250g', 'Perfect Product', 15.50, 178, '2023-10-17 00:00:00+03', 16);
INSERT INTO public.ecoshop_product VALUES (96, 'Chocolate & Pear Cake in a Jar by Delicario 250g', 'Perfect Product', 15.50, 912, '2023-10-17 00:00:00+03', 4);
INSERT INTO public.ecoshop_product VALUES (97, 'Loaded Vegan Brownie Slab by The Vegan Bakes 1kg', 'Perfect Product', 14.99, 519, '2023-10-17 00:00:00+03', 3);
INSERT INTO public.ecoshop_product VALUES (98, 'Two Tier ''Thomas the Tank Engine'' Cake by bakerdays ', 'Perfect Product', 95.99, 952, '2023-10-17 00:00:00+03', 14);
INSERT INTO public.ecoshop_product VALUES (99, 'Birthday Chocolate Fudge Brownies by bakerdays 750g - Personalised Cake', 'Perfect Product', 19.99, 133, '2023-10-17 00:00:00+03', 7);
INSERT INTO public.ecoshop_product VALUES (100, '''Brownie Points'' Vegan Brownie Gift Box by The Vegan Bakes - Brownie Gift Set', 'Perfect Product', 18.00, 340, '2023-10-17 00:00:00+03', 10);
INSERT INTO public.ecoshop_product VALUES (101, 'Single Tier ''Frozen'' Cake by bakerdays ', 'Perfect Product', 48.99, 637, '2023-10-17 00:00:00+03', 8);
INSERT INTO public.ecoshop_product VALUES (102, 'Millionaire''s Halloween Cake by The Original Cake Company 6Inch', 'Perfect Product', 14.95, 192, '2023-10-17 00:00:00+03', 3);
INSERT INTO public.ecoshop_product VALUES (103, '6 x Victoria Cake Pearls by Skinny Bakery 80g', 'Perfect Product', 24.49, 604, '2023-10-17 00:00:00+03', 2);
INSERT INTO public.ecoshop_product VALUES (104, 'Letterbox Vegan Brownies by Letterbox Gifts with 8 Vegan Brownies - Vegan Brownie Gift Box', 'Perfect Product', 30.00, 824, '2023-10-17 00:00:00+03', 10);
INSERT INTO public.ecoshop_product VALUES (105, 'Cheer Chocolate Fudge Brownies by bakerdays 750g -  Personalised Brownies', 'Perfect Product', 19.99, 546, '2023-10-17 00:00:00+03', 7);
INSERT INTO public.ecoshop_product VALUES (106, '''Frightful Fancies'' Ghost Chocolate Cake Gift Box by The Original Cake Company', 'Perfect Product', 15.95, 643, '2023-10-17 00:00:00+03', 11);
INSERT INTO public.ecoshop_product VALUES (107, 'Easter Animals Letterbox Cake by bakerdays - Easter Letterbox Cake - Personalised Cake', 'Perfect Product', 14.99, 301, '2023-10-17 00:00:00+03', 12);
INSERT INTO public.ecoshop_product VALUES (108, '6 x Carrot Cake Pearls by Skinny Bakery 80g', 'Perfect Product', 24.49, 708, '2023-10-17 00:00:00+03', 1);
INSERT INTO public.ecoshop_product VALUES (109, 'Two Tier ''Spider-Man'' Cake by bakerdays  with Balloons', 'Perfect Product', 113.99, 425, '2023-10-17 00:00:00+03', 14);
INSERT INTO public.ecoshop_product VALUES (110, 'Vegan Filled Brownie Cookie Loaf Slices by The Vegan Bakes 1.1kg', 'Perfect Product', 17.50, 618, '2023-10-17 00:00:00+03', 7);
INSERT INTO public.ecoshop_product VALUES (111, 'T-Rex Cake Gift Set by bakerdays with Balloon ', 'Perfect Product', 36.99, 173, '2023-10-17 00:00:00+03', 9);
INSERT INTO public.ecoshop_product VALUES (218, 'Two Tier ''Avengers'' Thor Cake by bakerdays  with Balloons', 'Perfect Product', 113.99, 797, '2023-10-17 00:00:00+03', 1);
INSERT INTO public.ecoshop_product VALUES (112, 'Valentine''s Love Bear Personalised Letterbox Cake by bakerdays - Valentine''s Day Cake', 'Perfect Product', 14.99, 305, '2023-10-17 00:00:00+03', 6);
INSERT INTO public.ecoshop_product VALUES (113, 'Halloween Sticky Toffee Apple Loaf Cake by The Original Cake Company 11inch - Halloween Loaf Cake', 'Perfect Product', 18.45, 788, '2023-10-17 00:00:00+03', 3);
INSERT INTO public.ecoshop_product VALUES (114, 'Ready to Decorate Caramel Cake by The Origianl Cake Company', 'Perfect Product', 11.50, 254, '2023-10-17 00:00:00+03', 3);
INSERT INTO public.ecoshop_product VALUES (115, '6 x Millionaires Cake Pearls by Skinny Bakery 80g', 'Perfect Product', 24.49, 851, '2023-10-17 00:00:00+03', 16);
INSERT INTO public.ecoshop_product VALUES (116, '6 x Cherry Bakewell Cake Pearls by Skinny Bakery 80g', 'Perfect Product', 24.49, 319, '2023-10-17 00:00:00+03', 11);
INSERT INTO public.ecoshop_product VALUES (117, 'Mini Egg Brownies - Chocolate Brownies by bakerdays', '''Bakerdays'' new Mini Egg Brownies are traditionally baked 5cm chocolate fudge brownies, sent in sets of 9. Each brownie is beautifully hand-decorated and completed with milk chocolate and white chocolate dripped across. Each set of these super fun brownies are finished with yummy Mini Eggs.', 19.99, 100, '2023-10-17 00:00:00+03', 3);
INSERT INTO public.ecoshop_product VALUES (118, '12 Chocolate Brownie Gift Box by Éponine Fine Chocolate', 'Perfect Product', 22.00, 992, '2023-10-17 00:00:00+03', 4);
INSERT INTO public.ecoshop_product VALUES (119, 'Caramel Chocolate Cake Gift Box by The Original Cake Company - Chocolate Truffle Cake Gift', 'Perfect Product', 18.90, 403, '2023-10-17 00:00:00+03', 11);
INSERT INTO public.ecoshop_product VALUES (120, 'Two Tier Unicorn Cake by bakerdays ', 'Perfect Product', 95.99, 446, '2023-10-17 00:00:00+03', 6);
INSERT INTO public.ecoshop_product VALUES (121, 'Chocolate Orange Truffle Cake Gift Box by The Original Cake Company - Chocolate Truffle Cake Gift', 'Perfect Product', 18.90, 914, '2023-10-17 00:00:00+03', 12);
INSERT INTO public.ecoshop_product VALUES (122, 'Cookies & Cream Brownie Tray Bake by The Original Cake Company', 'Perfect Product', 22.90, 446, '2023-10-17 00:00:00+03', 7);
INSERT INTO public.ecoshop_product VALUES (123, 'Vegan Biscuit Brownie Set by The Vegan Bakes 1kg', 'Perfect Product', 16.95, 182, '2023-10-17 00:00:00+03', 12);
INSERT INTO public.ecoshop_product VALUES (124, '12 Dinosaur Cupcakes by bakerdays - Personalised Cupcakes - Children''s Cupcakes', 'Perfect Product', 28.99, 168, '2023-10-17 00:00:00+03', 7);
INSERT INTO public.ecoshop_product VALUES (125, 'Santa Chocolate Fudge Brownies by bakerdays - Christmas Brownies', 'Perfect Product', 21.99, 232, '2023-10-17 00:00:00+03', 13);
INSERT INTO public.ecoshop_product VALUES (126, 'Flowery Birthday Cake Gift Set by bakerdays with Balloon - Personalised Birthday Cake', 'Perfect Product', 36.99, 122, '2023-10-17 00:00:00+03', 16);
INSERT INTO public.ecoshop_product VALUES (127, '8 x Christmas Chocolate Yule Log Cake by The Original Cake Company 210g', 'Perfect Product', 34.95, 925, '2023-10-17 00:00:00+03', 15);
INSERT INTO public.ecoshop_product VALUES (128, 'Dark Fruit Cake Gift Box by The Original Cake Company - Luxury Fruit Cake Gift', 'Perfect Product', 18.90, 688, '2023-10-17 00:00:00+03', 9);
INSERT INTO public.ecoshop_product VALUES (129, 'Vegan ''Smutty'' Brownie Slab by The Vegan Bakes 1kg', 'Perfect Product', 10.00, 746, '2023-10-17 00:00:00+03', 7);
INSERT INTO public.ecoshop_product VALUES (130, '12 Royal Coronation Cupcakes by bakerdays', 'Perfect Product', 28.99, 295, '2023-10-17 00:00:00+03', 13);
INSERT INTO public.ecoshop_product VALUES (131, 'Super Mario Cake Gift Set by bakerdays with Balloon ', 'Perfect Product', 50.99, 863, '2023-10-17 00:00:00+03', 13);
INSERT INTO public.ecoshop_product VALUES (132, '6 x Chocolate Cake Pearls by Skinny Bakery 80g', 'Perfect Product', 24.49, 258, '2023-10-17 00:00:00+03', 7);
INSERT INTO public.ecoshop_product VALUES (133, 'Pink Chocolate Cake Gift Box by The Original Cake Company - Chocolate Truffle Cake Gift', 'Perfect Product', 18.90, 606, '2023-10-17 00:00:00+03', 6);
INSERT INTO public.ecoshop_product VALUES (134, 'Brownie Birthday Box by Positive Bakes - Vegan Brownie Gift Box', 'Perfect Product', 28.95, 107, '2023-10-17 00:00:00+03', 3);
INSERT INTO public.ecoshop_product VALUES (135, 'Two Tier ''Spiderman'' Cake by bakerdays ', 'Perfect Product', 95.99, 853, '2023-10-17 00:00:00+03', 2);
INSERT INTO public.ecoshop_product VALUES (136, '24 x Riverbank Bakery Traditional Flapjack Bars 85g', 'Perfect Product', 21.99, 438, '2023-10-17 00:00:00+03', 7);
INSERT INTO public.ecoshop_product VALUES (137, '24 x Riverbank Bakery Cinnamon Flapjack Bars 85g', 'Perfect Product', 21.99, 759, '2023-10-17 00:00:00+03', 6);
INSERT INTO public.ecoshop_product VALUES (138, 'Easter Egg Nest Letterbox Cake by bakerdays - Personalised Cake', 'Perfect Product', 14.99, 519, '2023-10-17 00:00:00+03', 2);
INSERT INTO public.ecoshop_product VALUES (139, 'Vintage Mother''s Day Personalised Letterbox Cake by bakerdays - Mother''s Day Cake', 'Perfect Product', 14.99, 660, '2023-10-17 00:00:00+03', 11);
INSERT INTO public.ecoshop_product VALUES (140, 'Mother''s Day Flowers Cake by bakerdays - Letterbox Cake Gift', 'Perfect Product', 14.99, 547, '2023-10-17 00:00:00+03', 10);
INSERT INTO public.ecoshop_product VALUES (141, 'Flowery Watering Can Personalised Letterbox Cake by bakerdays - Mother''s Day Cake', 'Perfect Product', 14.99, 844, '2023-10-17 00:00:00+03', 12);
INSERT INTO public.ecoshop_product VALUES (142, '''Heart Race'' Personalised Letterbox Cake by bakerdays - Valentine''s Day Cake', 'Perfect Product', 14.99, 944, '2023-10-17 00:00:00+03', 13);
INSERT INTO public.ecoshop_product VALUES (143, 'Vegan ''Slutty'' Brownie Slab by The Vegan Bakes 1kg', 'Perfect Product', 10.00, 303, '2023-10-17 00:00:00+03', 11);
INSERT INTO public.ecoshop_product VALUES (144, '''Santa'' Letterbox Christmas Cake by bakerdays - Letterbox Cake', 'Perfect Product', 14.99, 326, '2023-10-17 00:00:00+03', 14);
INSERT INTO public.ecoshop_product VALUES (145, 'Two Tier ''Minions'' Cake by bakerdays  with Balloons', 'Perfect Product', 113.99, 192, '2023-10-17 00:00:00+03', 8);
INSERT INTO public.ecoshop_product VALUES (146, 'Mother''s Day Personalised Cake by bakerdays - Letterbox Cake Gift', 'Perfect Product', 14.99, 822, '2023-10-17 00:00:00+03', 16);
INSERT INTO public.ecoshop_product VALUES (147, '''Biscoff Lovers'' Gift Box by The Vegan Bakes - Vegan Biscoff Gift Set', 'Perfect Product', 17.50, 719, '2023-10-17 00:00:00+03', 3);
INSERT INTO public.ecoshop_product VALUES (148, 'Two Tier Dinosaur Cake by bakerdays  with Balloons', 'Perfect Product', 113.99, 974, '2023-10-17 00:00:00+03', 16);
INSERT INTO public.ecoshop_product VALUES (149, 'Mummy Owl Personalised Letterbox Cake by bakerdays - Mother''s Day Cake', 'Perfect Product', 14.99, 738, '2023-10-17 00:00:00+03', 13);
INSERT INTO public.ecoshop_product VALUES (150, '6 x Cabico Premium Strawberry Swiss Rolls 300g', 'Perfect Product', 13.99, 402, '2023-10-17 00:00:00+03', 8);
INSERT INTO public.ecoshop_product VALUES (151, 'Cherry & Coconut Flapjack Tray Bake by The Original Cake Company', 'Perfect Product', 22.90, 726, '2023-10-17 00:00:00+03', 8);
INSERT INTO public.ecoshop_product VALUES (152, '''Christmas Stockings'' Christmas Cake by bakerdays', 'Perfect Product', 14.99, 725, '2023-10-17 00:00:00+03', 17);
INSERT INTO public.ecoshop_product VALUES (153, '''Jingle Bells'' Letterbox Christmas Cake by bakerdays - Letterbox Cake', 'Perfect Product', 14.99, 981, '2023-10-17 00:00:00+03', 9);
INSERT INTO public.ecoshop_product VALUES (154, '12 Salted Caramel Chocolate Brownie Gift Box by Éponine Fine Chocolate', 'Perfect Product', 22.00, 132, '2023-10-17 00:00:00+03', 7);
INSERT INTO public.ecoshop_product VALUES (155, 'Chocolate & Caramel Flapjack Tray Bake by The Original Cake Company', 'Perfect Product', 22.90, 806, '2023-10-17 00:00:00+03', 8);
INSERT INTO public.ecoshop_product VALUES (156, '8 x Christmas Brandy, Fruit & Nut Cake with Gold Star by The Original Cake Company 320g', 'Perfect Product', 39.95, 115, '2023-10-17 00:00:00+03', 6);
INSERT INTO public.ecoshop_product VALUES (157, 'Marble Chocolate Brownies by bakerdays 750g - Personalised Cake', 'Perfect Product', 19.99, 686, '2023-10-17 00:00:00+03', 3);
INSERT INTO public.ecoshop_product VALUES (158, '''To My Bebe'' Personalised Letterbox Cake by bakerdays - Valentine''s Day Cake', 'Perfect Product', 14.99, 745, '2023-10-17 00:00:00+03', 16);
INSERT INTO public.ecoshop_product VALUES (159, '8 x Christmas Iced Fruit Cake by The Original Cake Company 390g - Christmas Iced Cake', 'Perfect Product', 39.95, 257, '2023-10-17 00:00:00+03', 13);
INSERT INTO public.ecoshop_product VALUES (160, '12 Watering Can Mother''s Day Cupcakes by bakerdays - Personalised Cupcakes', 'Perfect Product', 28.99, 581, '2023-10-17 00:00:00+03', 8);
INSERT INTO public.ecoshop_product VALUES (161, '''Beery Christmas'' Letterbox Christmas Cake by bakerdays - Letterbox Cake', 'Perfect Product', 14.99, 277, '2023-10-17 00:00:00+03', 17);
INSERT INTO public.ecoshop_product VALUES (162, 'Sloth Chocolate Fudge Brownies by bakerdays 750g - Valentine''s Brownie Gift', 'Perfect Product', 19.99, 117, '2023-10-17 00:00:00+03', 14);
INSERT INTO public.ecoshop_product VALUES (163, '''For You Mum'' Personalised Letterbox Cake by bakerdays - Mother''s Day Cake', 'Perfect Product', 14.99, 970, '2023-10-17 00:00:00+03', 1);
INSERT INTO public.ecoshop_product VALUES (164, 'Love Hearts Brownies Chocolate Fudge Brownies by bakerdays 750g - Valentine''s Brownie Gift', 'Perfect Product', 21.99, 528, '2023-10-17 00:00:00+03', 5);
INSERT INTO public.ecoshop_product VALUES (165, '''I Love You'' Personalised Letterbox Cake by bakerdays - Valentine''s Day Cake', 'Perfect Product', 14.99, 672, '2023-10-17 00:00:00+03', 5);
INSERT INTO public.ecoshop_product VALUES (166, '''No.1 Dad'' Chocolate Fudge Brownies by bakerdays - Father''s Day Gift', 'Perfect Product', 19.99, 707, '2023-10-17 00:00:00+03', 1);
INSERT INTO public.ecoshop_product VALUES (167, 'Rabbit Letterbox Cake by bakerdays - Personalised Cake', 'Perfect Product', 14.99, 657, '2023-10-17 00:00:00+03', 3);
INSERT INTO public.ecoshop_product VALUES (168, 'Two Tier ''Peppa Pig'' Cake by bakerdays  with Balloons', 'Perfect Product', 113.99, 434, '2023-10-17 00:00:00+03', 6);
INSERT INTO public.ecoshop_product VALUES (169, '12 ''For Mum'' Mother''s Day Cupcakes by bakerdays - Personalised Cupcakes', 'Perfect Product', 28.99, 614, '2023-10-17 00:00:00+03', 15);
INSERT INTO public.ecoshop_product VALUES (170, 'Church Watercolour Personalised Letterbox Cake by bakerdays', 'Perfect Product', 14.99, 902, '2023-10-17 00:00:00+03', 3);
INSERT INTO public.ecoshop_product VALUES (171, 'Gluten-free Millionaire Shortbread by Belle & Wilde 140g', 'Perfect Product', 8.50, 984, '2023-10-17 00:00:00+03', 10);
INSERT INTO public.ecoshop_product VALUES (172, '''Best Mum Ever'' Gluten-free Brownie Gift Box by The Sweet Reason Company', 'Perfect Product', 25.75, 410, '2023-10-17 00:00:00+03', 5);
INSERT INTO public.ecoshop_product VALUES (173, 'Light Fruit Cake Gift Box by The Original Cake Company - Luxury Fruit Cake Gift', 'Perfect Product', 18.90, 913, '2023-10-17 00:00:00+03', 14);
INSERT INTO public.ecoshop_product VALUES (174, 'Single Tier Unicorn Cake by bakerdays ', 'Perfect Product', 45.99, 190, '2023-10-17 00:00:00+03', 9);
INSERT INTO public.ecoshop_product VALUES (175, 'Mini Creme Egg Brownies - Chocolate Easter Brownies by bakerdays', 'Perfect Product', 19.99, 454, '2023-10-17 00:00:00+03', 10);
INSERT INTO public.ecoshop_product VALUES (176, 'Gift Wrapped Letterbox Christmas Cake by bakerdays - Letterbox Cake', 'Perfect Product', 14.99, 948, '2023-10-17 00:00:00+03', 13);
INSERT INTO public.ecoshop_product VALUES (177, 'Christmas Robins Letterbox Cake by bakerdays - Christmas Robin Cake', 'Perfect Product', 14.99, 773, '2023-10-17 00:00:00+03', 5);
INSERT INTO public.ecoshop_product VALUES (178, 'Hot Chocolate Letterbox Gift by Calm Cocoa', 'Perfect Product', 9.25, 722, '2023-10-17 00:00:00+03', 17);
INSERT INTO public.ecoshop_product VALUES (179, 'Two Tier ''Buzz Lightyear'' Cake by bakerdays  with Balloons', 'Perfect Product', 113.99, 235, '2023-10-17 00:00:00+03', 12);
INSERT INTO public.ecoshop_product VALUES (180, '12 Flower Garden Mother''s Day Cupcakes by bakerdays - Personalised Cupcakes', 'Perfect Product', 28.99, 640, '2023-10-17 00:00:00+03', 2);
INSERT INTO public.ecoshop_product VALUES (181, 'Malteser Brownies by bakerdays 750g - Chocolate Fudge Brownies', 'Perfect Product', 19.99, 968, '2023-10-17 00:00:00+03', 9);
INSERT INTO public.ecoshop_product VALUES (182, 'Two Tiered Champagne Vanilla Birthday Cake by bakerdays - Personalised Birthday Cake', 'Perfect Product', 98.99, 776, '2023-10-17 00:00:00+03', 10);
INSERT INTO public.ecoshop_product VALUES (183, '''Hoppy Easter'' Letterbox Cake by bakerdays - Personalised Easter Cake', 'Perfect Product', 14.99, 299, '2023-10-17 00:00:00+03', 16);
INSERT INTO public.ecoshop_product VALUES (184, '6 x Cookies & Cream Cake Pearls by Skinny Bakery 80g', 'Perfect Product', 24.49, 521, '2023-10-17 00:00:00+03', 3);
INSERT INTO public.ecoshop_product VALUES (185, '24 Chocolate Brownie Gift Box by Éponine Fine Chocolate', 'Perfect Product', 40.00, 678, '2023-10-17 00:00:00+03', 4);
INSERT INTO public.ecoshop_product VALUES (186, 'Vegan Filled Brownie Cookie Pie Slices by The Vegan Bakes 876g - Vegan Cookie Slices', 'Perfect Product', 17.50, 731, '2023-10-17 00:00:00+03', 3);
INSERT INTO public.ecoshop_product VALUES (187, '12 Traditional Christmas Cupcakes by bakerdays', 'Perfect Product', 28.99, 973, '2023-10-17 00:00:00+03', 14);
INSERT INTO public.ecoshop_product VALUES (188, 'Floral Chocolate Fudge Brownies by bakerdays 750g - Personalised Brownies', 'Perfect Product', 19.99, 765, '2023-10-17 00:00:00+03', 15);
INSERT INTO public.ecoshop_product VALUES (189, '''Hoppy Easter!'' Easter Bunny Letterbox Cake by bakerdays - Personalised Cake - Easter Bunny Cake', 'Perfect Product', 14.99, 324, '2023-10-17 00:00:00+03', 4);
INSERT INTO public.ecoshop_product VALUES (190, 'Tea Cup Flowers Personalised Letterbox Cake by bakerdays - Mother''s Day Cake', 'Perfect Product', 14.99, 949, '2023-10-17 00:00:00+03', 15);
INSERT INTO public.ecoshop_product VALUES (191, 'Easter Lace Letterbox Cake by bakerdays - Personalised Cake', 'Perfect Product', 14.99, 310, '2023-10-17 00:00:00+03', 16);
INSERT INTO public.ecoshop_product VALUES (192, '12 ''Happy Birthday'' Cupcakes by bakerdays - Personalised Birthday Cupcakes', 'Make a birthday statement with these fun cupcakes. Just personalise with your own text.', 28.99, 101, '2023-10-17 00:00:00+03', 6);
INSERT INTO public.ecoshop_product VALUES (193, '''Queen Mum'' Letterbox Brownie Gift Box by bakerdays', 'Perfect Product', 19.99, 226, '2023-10-17 00:00:00+03', 8);
INSERT INTO public.ecoshop_product VALUES (194, 'Single Tiered Champagne Vanilla Birthday Cake by bakerdays - Personalised Birthday Cake', 'Perfect Product', 48.99, 800, '2023-10-17 00:00:00+03', 11);
INSERT INTO public.ecoshop_product VALUES (195, '24 Salted Caramel Chocolate Brownie Gift Box by Éponine Fine Chocolate', 'Perfect Product', 40.00, 842, '2023-10-17 00:00:00+03', 11);
INSERT INTO public.ecoshop_product VALUES (196, 'Brownie & Blondie Signature Gift Box by Positive Bakes - Vegan Brownie & Blondie Gift Set', 'Perfect Product', 28.50, 492, '2023-10-17 00:00:00+03', 12);
INSERT INTO public.ecoshop_product VALUES (197, 'Easter Chick Letterbox Cake by bakerdays - Personalised Cake - Easter Chick Cake', 'Perfect Product', 14.99, 304, '2023-10-17 00:00:00+03', 4);
INSERT INTO public.ecoshop_product VALUES (198, 'Flower & Tea Personalised Letterbox Cake by bakerdays - Mother''s Day Cake', 'Perfect Product', 14.99, 543, '2023-10-17 00:00:00+03', 3);
INSERT INTO public.ecoshop_product VALUES (199, 'Easter Greetings Letterbox Cake by bakerdays - Easter Letterbox Cake - Personalised Cake', 'Perfect Product', 14.99, 299, '2023-10-17 00:00:00+03', 2);
INSERT INTO public.ecoshop_product VALUES (200, '''You''re Loved'' Chocolate Fudge Brownies by bakerdays 750g - Valentine''s Brownie Gift', 'Perfect Product', 19.99, 601, '2023-10-17 00:00:00+03', 2);
INSERT INTO public.ecoshop_product VALUES (201, 'Vegan Mince Pies by Positive Bakes 16 Slices - Vegan Mincemeat Frangipane', 'Perfect Product', 22.95, 996, '2023-10-17 00:00:00+03', 8);
INSERT INTO public.ecoshop_product VALUES (202, 'Easter Chicks Letterbox Cake by bakerdays - Easter Cake', 'Perfect Product', 14.99, 109, '2023-10-17 00:00:00+03', 17);
INSERT INTO public.ecoshop_product VALUES (203, '''Ted Heart Balloons'' Letterbox Cake by bakerdays', 'Perfect Product', 14.99, 781, '2023-10-17 00:00:00+03', 4);
INSERT INTO public.ecoshop_product VALUES (204, '''Grinch'' Letterbox Christmas Cake by bakerdays - ''Grinch'' Christmas Cake', 'Perfect Product', 14.99, 689, '2023-10-17 00:00:00+03', 13);
INSERT INTO public.ecoshop_product VALUES (205, '12 ''Merry Christmas'' Cupcakes by bakerdays', 'Perfect Product', 28.99, 552, '2023-10-17 00:00:00+03', 8);
INSERT INTO public.ecoshop_product VALUES (206, '''Near or Far'' Personalised Letterbox Cake by bakerdays - Valentine''s Day Cake', 'Perfect Product', 14.99, 543, '2023-10-17 00:00:00+03', 1);
INSERT INTO public.ecoshop_product VALUES (207, 'Sloth Personalised Letterbox Cake by bakerdays - Valentine''s Day Cake', 'Perfect Product', 14.99, 234, '2023-10-17 00:00:00+03', 16);
INSERT INTO public.ecoshop_product VALUES (208, '''Positively in Love'' Personalised Letterbox Cake by bakerdays - Valentine''s Day Cake', 'Perfect Product', 14.99, 503, '2023-10-17 00:00:00+03', 10);
INSERT INTO public.ecoshop_product VALUES (209, 'Pretty Teapot Personalised Letterbox Cake by bakerdays - Mother''s Day Cake', 'Perfect Product', 14.99, 929, '2023-10-17 00:00:00+03', 9);
INSERT INTO public.ecoshop_product VALUES (210, '12 ''Love You Mum'' Mother''s Day Cupcakes by bakerdays - Personalised Cupcakes', 'Perfect Product', 28.99, 175, '2023-10-17 00:00:00+03', 1);
INSERT INTO public.ecoshop_product VALUES (211, '12 ''Trick or Treat'' Halloween Cupcakes by bakerdays', 'Perfect Product', 28.99, 807, '2023-10-17 00:00:00+03', 1);
INSERT INTO public.ecoshop_product VALUES (212, '12 Halloween Ghouls Cupcakes by bakerdays - Halloween Cupcakes', 'Perfect Product', 28.99, 518, '2023-10-17 00:00:00+03', 4);
INSERT INTO public.ecoshop_product VALUES (213, '9 Halloween Icing Letterbox Brownies by bakerdays', 'Perfect Product', 21.99, 801, '2023-10-17 00:00:00+03', 7);
INSERT INTO public.ecoshop_product VALUES (214, '12 Halloween Cat Cupcakes by bakerdays - Halloween Cupcakes', 'Perfect Product', 28.99, 691, '2023-10-17 00:00:00+03', 15);
INSERT INTO public.ecoshop_product VALUES (215, '''Queen of Hearts'' Gluten-free Brownie Gift Box by The Sweet Reason Company', 'Perfect Product', 25.75, 284, '2023-10-17 00:00:00+03', 12);
INSERT INTO public.ecoshop_product VALUES (216, 'Two Tier Unicorn Cake by bakerdays  with Balloons', 'Perfect Product', 113.99, 681, '2023-10-17 00:00:00+03', 5);
INSERT INTO public.ecoshop_product VALUES (217, 'Two Tier ''Toy Story'' Cake by bakerdays  with Balloons', 'Perfect Product', 113.99, 487, '2023-10-17 00:00:00+03', 17);
INSERT INTO public.ecoshop_product VALUES (219, '''Dachshund Through The Snow'' Christmas Cake by bakerdays - Dog Christmas Cake', 'Perfect Product', 14.99, 269, '2023-10-17 00:00:00+03', 3);
INSERT INTO public.ecoshop_product VALUES (220, 'Simple ''Merry Christmas'' Cake by bakerdays', 'Perfect Product', 14.99, 445, '2023-10-17 00:00:00+03', 15);
INSERT INTO public.ecoshop_product VALUES (221, 'Baby''s First Christmas Cake Gift Set by bakerdays', 'Perfect Product', 41.99, 923, '2023-10-17 00:00:00+03', 4);
INSERT INTO public.ecoshop_product VALUES (222, '12 Controller Cupcakes by bakerdays - Personalised Cupcakes - Children''s Cupcakes', 'Perfect Product', 28.99, 282, '2023-10-17 00:00:00+03', 7);
INSERT INTO public.ecoshop_product VALUES (223, '12 Birthday Emoji Cupcakes by bakerdays - Personalised Cupcakes', 'Perfect Product', 28.99, 762, '2023-10-17 00:00:00+03', 12);
INSERT INTO public.ecoshop_product VALUES (224, 'Two Tier ''Frozen'' Cake by bakerdays ', 'Perfect Product', 98.99, 216, '2023-10-17 00:00:00+03', 16);
INSERT INTO public.ecoshop_product VALUES (225, 'Traditional Flower Garden Personalised Letterbox Cake by bakerdays - Mother''s Day Cake', 'Perfect Product', 14.99, 532, '2023-10-17 00:00:00+03', 11);
INSERT INTO public.ecoshop_product VALUES (226, '9 Santa Chocolate Fudge Brownies by bakerdays - Christmas Brownies', 'Perfect Product', 19.99, 586, '2023-10-17 00:00:00+03', 14);
INSERT INTO public.ecoshop_product VALUES (227, 'Mini Daim Egg Brownies - Chocolate Easter Brownies by bakerdays', 'Perfect Product', 19.99, 670, '2023-10-17 00:00:00+03', 5);
INSERT INTO public.ecoshop_product VALUES (228, 'Marble Sprinkles Chocolate Fudge Brownies by bakerdays 750g - Valentine''s Brownie Gift', 'Perfect Product', 21.99, 333, '2023-10-17 00:00:00+03', 9);
INSERT INTO public.ecoshop_product VALUES (229, '''Holly Greetings'' Letterbox Christmas Cake by bakerdays - Letterbox Cake', 'Perfect Product', 14.99, 225, '2023-10-17 00:00:00+03', 11);
INSERT INTO public.ecoshop_product VALUES (230, 'Mother''s Day Brownie Gift Box by bakerdays', 'Perfect Product', 21.99, 381, '2023-10-17 00:00:00+03', 4);
INSERT INTO public.ecoshop_product VALUES (231, '9 Sloth Christmas Brownies by bakerdays', 'Perfect Product', 19.99, 691, '2023-10-17 00:00:00+03', 7);
INSERT INTO public.ecoshop_product VALUES (232, '''Wicked'' Halloween Cake by bakerdays', 'Perfect Product', 14.99, 339, '2023-10-17 00:00:00+03', 3);
INSERT INTO public.ecoshop_product VALUES (233, '''Kind-er'' Vegan Brownie by The Vegan Bakes 1kg - Brownie with White Chocolate Cream & Wafer', 'Perfect Product', 17.50, 683, '2023-10-17 00:00:00+03', 9);
INSERT INTO public.ecoshop_product VALUES (234, '''Queen of Hearts'' Brownie Gift Box by The Sweet Reason Company', 'Perfect Product', 25.00, 378, '2023-10-17 00:00:00+03', 7);
INSERT INTO public.ecoshop_product VALUES (235, '12 ''Hoppy Easter'' Rabbit Cupcakes by bakerdays - Personalised Cupcakes', 'Perfect Product', 28.99, 525, '2023-10-17 00:00:00+03', 7);
INSERT INTO public.ecoshop_product VALUES (236, 'Single Tier Birthday Balloons Cake by bakerdays ', 'Perfect Product', 45.99, 590, '2023-10-17 00:00:00+03', 1);
INSERT INTO public.ecoshop_product VALUES (237, 'Two Tier Birthday Balloons Cake by bakerdays ', 'Perfect Product', 95.99, 923, '2023-10-17 00:00:00+03', 4);
INSERT INTO public.ecoshop_product VALUES (238, '12 Any Age Champagne Cupcakes by bakerdays - Personalised Birthday Cupcakes', 'Perfect Product', 28.99, 360, '2023-10-17 00:00:00+03', 3);
INSERT INTO public.ecoshop_product VALUES (239, 'Reindeer Letterbox Christmas Cake by bakerdays - Reindeer Christmas Cake', 'Perfect Product', 14.99, 860, '2023-10-17 00:00:00+03', 11);
INSERT INTO public.ecoshop_product VALUES (240, 'Christmas Pudding Cake by bakerdays - Christmas Pudding Cake', 'Perfect Product', 14.99, 760, '2023-10-17 00:00:00+03', 9);
INSERT INTO public.ecoshop_product VALUES (241, 'Christmas Carol Singers Cake by bakerdays', 'Perfect Product', 14.99, 847, '2023-10-17 00:00:00+03', 9);
INSERT INTO public.ecoshop_product VALUES (242, '9 Classic Christmas Brownies by bakerdays', 'Perfect Product', 19.99, 130, '2023-10-17 00:00:00+03', 3);
INSERT INTO public.ecoshop_product VALUES (243, '''My Dad'' Chocolate Fudge Brownies by bakerdays - Father''s Day Gift', 'Perfect Product', 19.99, 311, '2023-10-17 00:00:00+03', 4);
INSERT INTO public.ecoshop_product VALUES (244, 'Panda Heart Personalised Letterbox Cake by bakerdays - Valentine''s Day Cake', 'Perfect Product', 14.99, 267, '2023-10-17 00:00:00+03', 8);
INSERT INTO public.ecoshop_product VALUES (245, 'Valentine''s Yoda Personalised Letterbox Cake by bakerdays - Valentine''s Day Cake', 'Perfect Product', 14.99, 362, '2023-10-17 00:00:00+03', 15);
INSERT INTO public.ecoshop_product VALUES (246, '''Thermostat'' Letterbox Christmas Cake by bakerdays - Letterbox Cake', 'Perfect Product', 14.99, 149, '2023-10-17 00:00:00+03', 1);
INSERT INTO public.ecoshop_product VALUES (247, 'Christmas Chocolate Fudge Brownies by bakerdays - Christmas Brownies', 'Perfect Product', 21.99, 937, '2023-10-17 00:00:00+03', 7);
INSERT INTO public.ecoshop_product VALUES (249, '''Happy Halloween'' Wednesday Addams Cake by bakerdays - Halloween Cake', 'Perfect Product', 14.99, 360, '2023-10-17 00:00:00+03', 4);
INSERT INTO public.ecoshop_product VALUES (250, '9 ''Trick or Treat'' Halloween Letterbox Brownies by bakerdays', 'Perfect Product', 21.99, 539, '2023-10-17 00:00:00+03', 9);
INSERT INTO public.ecoshop_product VALUES (251, '9 Halloween Letterbox Brownies by bakerdays', 'Perfect Product', 19.99, 565, '2023-10-17 00:00:00+03', 2);
INSERT INTO public.ecoshop_product VALUES (252, 'Personalised Brownie by The Vegan Bakes 1kg - Vegan Brownie Slab', 'Perfect Product', 28.95, 736, '2023-10-17 00:00:00+03', 17);
INSERT INTO public.ecoshop_product VALUES (253, 'Great British Brownie & Blondie Selection Gift Box by Positive Bakes - Vegan Brownie & Blondie Set', 'Perfect Product', 26.95, 268, '2023-10-17 00:00:00+03', 4);
INSERT INTO public.ecoshop_product VALUES (254, 'Two Tier ''Thomas the Tank Engine'' Cake by bakerdays  with Balloons', 'Perfect Product', 113.99, 584, '2023-10-17 00:00:00+03', 9);
INSERT INTO public.ecoshop_product VALUES (255, '12 Christmas Character Cupcakes by bakerdays - Christmas Cupcakes', 'Perfect Product', 28.99, 528, '2023-10-17 00:00:00+03', 11);
INSERT INTO public.ecoshop_product VALUES (256, '12 x ''Barbie'' Vanilla Cupcakes by bakerdays', 'Perfect Product', 28.99, 405, '2023-10-17 00:00:00+03', 17);
INSERT INTO public.ecoshop_product VALUES (257, '''Reindeer & Holly'' Christmas Cake by bakerdays', 'Perfect Product', 14.99, 883, '2023-10-17 00:00:00+03', 10);
INSERT INTO public.ecoshop_product VALUES (258, '12 Easter Chick Cupcakes by bakerdays - Personalised Cupcakes', 'Perfect Product', 28.99, 149, '2023-10-17 00:00:00+03', 4);
INSERT INTO public.ecoshop_product VALUES (259, 'Easter Greetings Letterbox Cake by bakerdays - Easter Cake', 'Perfect Product', 14.99, 806, '2023-10-17 00:00:00+03', 2);
INSERT INTO public.ecoshop_product VALUES (260, '''Spooktacular'' Halloween Letterbox Cake by bakerdays', 'Perfect Product', 14.99, 675, '2023-10-17 00:00:00+03', 9);
INSERT INTO public.ecoshop_product VALUES (261, 'Pastel Mother''s Day Cake Gift by bakerdays - Personalised Cake Gift', 'Perfect Product', 14.99, 358, '2023-10-17 00:00:00+03', 11);
INSERT INTO public.ecoshop_product VALUES (262, 'Christmas Stocking & Cake Gift Set by bakerdays', 'Perfect Product', 41.99, 461, '2023-10-17 00:00:00+03', 15);
INSERT INTO public.ecoshop_product VALUES (263, '''Key to My Heart'' Letterbox Cake by bakerdays', 'Perfect Product', 14.99, 720, '2023-10-17 00:00:00+03', 2);
INSERT INTO public.ecoshop_product VALUES (264, 'Spiced Rum & Caramel Fruit Cake Gift Box by The Original Cake Company - Christmas Cake Gift', 'Perfect Product', 18.90, 662, '2023-10-17 00:00:00+03', 17);
INSERT INTO public.ecoshop_product VALUES (265, 'Oreo Egg Brownies - Chocolate Easter Brownies by bakerdays', 'Perfect Product', 19.99, 766, '2023-10-17 00:00:00+03', 6);
INSERT INTO public.ecoshop_product VALUES (266, 'Coronation Party Cake by bakerdays - Coronation Cake', 'Perfect Product', 39.99, 408, '2023-10-17 00:00:00+03', 6);
INSERT INTO public.ecoshop_product VALUES (267, 'Mother Owl Personalised Letterbox Cake by bakerdays - Mother''s Day Cake', 'Perfect Product', 14.99, 928, '2023-10-17 00:00:00+03', 14);
INSERT INTO public.ecoshop_product VALUES (268, '9 Merry Christmas Chocolate Fudge Brownies by bakerdays - Christmas Brownies', 'Perfect Product', 19.99, 838, '2023-10-17 00:00:00+03', 4);
INSERT INTO public.ecoshop_product VALUES (269, 'Two Tier ''Avengers'' Trio Cake by bakerdays ', 'Perfect Product', 98.99, 579, '2023-10-17 00:00:00+03', 2);
INSERT INTO public.ecoshop_product VALUES (270, 'Three Tier ''Avengers'' Trio Cake by bakerdays ', 'Perfect Product', 168.99, 311, '2023-10-17 00:00:00+03', 5);
INSERT INTO public.ecoshop_product VALUES (271, '12 Mother''s Day Cupcakes by bakerdays - Personalised Cupcakes', 'Perfect Product', 28.99, 543, '2023-10-17 00:00:00+03', 15);
INSERT INTO public.ecoshop_product VALUES (272, '''Best Mum'' Chocolate Fudge Mother''s Day Brownies by bakerdays - Personalised Brownies', 'Perfect Product', 19.99, 164, '2023-10-17 00:00:00+03', 7);
INSERT INTO public.ecoshop_product VALUES (273, '12 Colourful Easter Egg Cupcakes by bakerdays - Personalised Cupcakes', 'Perfect Product', 28.99, 838, '2023-10-17 00:00:00+03', 15);
INSERT INTO public.ecoshop_product VALUES (274, '12 ''Happy Easter'' Cupcakes by bakerdays - Personalised Cupcakes', 'Perfect Product', 28.99, 778, '2023-10-17 00:00:00+03', 11);
INSERT INTO public.ecoshop_product VALUES (275, '12 ''Happy Easter'' Rabbit Cupcakes by bakerdays - Personalised Cupcakes', 'Perfect Product', 28.99, 575, '2023-10-17 00:00:00+03', 6);
INSERT INTO public.ecoshop_product VALUES (276, 'Easter Spring Flowers Letterbox Cake by bakerdays - Personalised Easter Cake', 'Perfect Product', 14.99, 147, '2023-10-17 00:00:00+03', 11);
INSERT INTO public.ecoshop_product VALUES (277, 'Bee Merry Christmas Cake Gift Set by bakerdays', 'Perfect Product', 29.99, 297, '2023-10-17 00:00:00+03', 5);
INSERT INTO public.ecoshop_product VALUES (278, '12 Christmas Stocking Cupcakes by bakerdays', 'Perfect Product', 28.99, 424, '2023-10-17 00:00:00+03', 1);
INSERT INTO public.ecoshop_product VALUES (279, 'Mother''s Day Rose Personalised Letterbox Cake by bakerdays - Mother''s Day Cake', 'Perfect Product', 14.99, 377, '2023-10-17 00:00:00+03', 15);
INSERT INTO public.ecoshop_product VALUES (280, '12 Pink Diamond Cupcake by bakerdays - Personalised Cupcakes', 'Perfect Product', 28.99, 394, '2023-10-17 00:00:00+03', 10);
INSERT INTO public.ecoshop_product VALUES (281, 'Floral Watering Can Cake by bakerdays - Personalised Birthday Cake', 'Perfect Product', 39.99, 726, '2023-10-17 00:00:00+03', 7);
INSERT INTO public.ecoshop_product VALUES (282, '''Barbie'' Letterbox Cake by bakerdays', 'Perfect Product', 14.99, 485, '2023-10-17 00:00:00+03', 16);
INSERT INTO public.ecoshop_product VALUES (283, '''Amazing Mum'' Letterbox Brownie Gift Box by bakerdays', 'Perfect Product', 19.99, 460, '2023-10-17 00:00:00+03', 12);
INSERT INTO public.ecoshop_product VALUES (284, '''Wife Love'' Personalised Letterbox Cake by bakerdays - Valentine''s Day Cake', 'Perfect Product', 14.99, 704, '2023-10-17 00:00:00+03', 2);
INSERT INTO public.ecoshop_product VALUES (285, '''Merry Christmas'' Cake by bakerdays', 'Perfect Product', 14.99, 217, '2023-10-17 00:00:00+03', 6);
INSERT INTO public.ecoshop_product VALUES (286, '''Starry Night'' Letterbox Christmas Cake by bakerdays - Letterbox Cake', 'Perfect Product', 14.99, 404, '2023-10-17 00:00:00+03', 3);
INSERT INTO public.ecoshop_product VALUES (248, '''Friends'' Letterbox Christmas Cake by bakerdays - Letterbox Cake', 'Perfect Product', 14.99, 444, '2023-10-17 00:00:00+03', 13);


--
-- TOC entry 5003 (class 0 OID 16929)
-- Dependencies: 240
-- Data for Name: ecoshop_product_customers; Type: TABLE DATA; Schema: public; Owner: ecoshop
--

INSERT INTO public.ecoshop_product_customers VALUES (1, 285, 6);
INSERT INTO public.ecoshop_product_customers VALUES (2, 223, 1);
INSERT INTO public.ecoshop_product_customers VALUES (3, 10, 1);
INSERT INTO public.ecoshop_product_customers VALUES (4, 156, 2);
INSERT INTO public.ecoshop_product_customers VALUES (5, 25, 4);
INSERT INTO public.ecoshop_product_customers VALUES (6, 91, 17);
INSERT INTO public.ecoshop_product_customers VALUES (7, 5, 16);
INSERT INTO public.ecoshop_product_customers VALUES (8, 204, 3);
INSERT INTO public.ecoshop_product_customers VALUES (9, 217, 12);
INSERT INTO public.ecoshop_product_customers VALUES (10, 128, 15);
INSERT INTO public.ecoshop_product_customers VALUES (11, 248, 8);
INSERT INTO public.ecoshop_product_customers VALUES (12, 13, 5);
INSERT INTO public.ecoshop_product_customers VALUES (13, 126, 10);
INSERT INTO public.ecoshop_product_customers VALUES (14, 229, 7);
INSERT INTO public.ecoshop_product_customers VALUES (15, 188, 15);
INSERT INTO public.ecoshop_product_customers VALUES (16, 64, 20);
INSERT INTO public.ecoshop_product_customers VALUES (17, 109, 5);
INSERT INTO public.ecoshop_product_customers VALUES (18, 258, 9);
INSERT INTO public.ecoshop_product_customers VALUES (19, 247, 11);
INSERT INTO public.ecoshop_product_customers VALUES (20, 278, 7);
INSERT INTO public.ecoshop_product_customers VALUES (21, 77, 14);
INSERT INTO public.ecoshop_product_customers VALUES (22, 171, 4);
INSERT INTO public.ecoshop_product_customers VALUES (23, 247, 4);
INSERT INTO public.ecoshop_product_customers VALUES (24, 253, 4);
INSERT INTO public.ecoshop_product_customers VALUES (25, 150, 14);
INSERT INTO public.ecoshop_product_customers VALUES (26, 250, 13);
INSERT INTO public.ecoshop_product_customers VALUES (27, 280, 17);
INSERT INTO public.ecoshop_product_customers VALUES (28, 236, 1);
INSERT INTO public.ecoshop_product_customers VALUES (29, 122, 6);
INSERT INTO public.ecoshop_product_customers VALUES (30, 63, 19);
INSERT INTO public.ecoshop_product_customers VALUES (31, 280, 3);
INSERT INTO public.ecoshop_product_customers VALUES (32, 126, 17);
INSERT INTO public.ecoshop_product_customers VALUES (33, 200, 4);
INSERT INTO public.ecoshop_product_customers VALUES (34, 225, 10);
INSERT INTO public.ecoshop_product_customers VALUES (35, 247, 18);
INSERT INTO public.ecoshop_product_customers VALUES (36, 244, 8);
INSERT INTO public.ecoshop_product_customers VALUES (37, 238, 10);
INSERT INTO public.ecoshop_product_customers VALUES (38, 65, 19);
INSERT INTO public.ecoshop_product_customers VALUES (39, 48, 10);
INSERT INTO public.ecoshop_product_customers VALUES (40, 252, 16);
INSERT INTO public.ecoshop_product_customers VALUES (41, 118, 10);
INSERT INTO public.ecoshop_product_customers VALUES (42, 276, 10);
INSERT INTO public.ecoshop_product_customers VALUES (43, 115, 8);
INSERT INTO public.ecoshop_product_customers VALUES (44, 132, 3);
INSERT INTO public.ecoshop_product_customers VALUES (45, 133, 11);
INSERT INTO public.ecoshop_product_customers VALUES (46, 255, 19);
INSERT INTO public.ecoshop_product_customers VALUES (47, 122, 2);
INSERT INTO public.ecoshop_product_customers VALUES (48, 98, 13);
INSERT INTO public.ecoshop_product_customers VALUES (49, 214, 7);
INSERT INTO public.ecoshop_product_customers VALUES (50, 239, 11);


--
-- TOC entry 5009 (class 0 OID 16951)
-- Dependencies: 246
-- Data for Name: ecoshop_product_vendors; Type: TABLE DATA; Schema: public; Owner: ecoshop
--

INSERT INTO public.ecoshop_product_vendors VALUES (1, 101, 30);
INSERT INTO public.ecoshop_product_vendors VALUES (2, 235, 4);
INSERT INTO public.ecoshop_product_vendors VALUES (3, 282, 35);
INSERT INTO public.ecoshop_product_vendors VALUES (4, 77, 7);
INSERT INTO public.ecoshop_product_vendors VALUES (5, 30, 5);
INSERT INTO public.ecoshop_product_vendors VALUES (6, 7, 9);
INSERT INTO public.ecoshop_product_vendors VALUES (7, 160, 18);
INSERT INTO public.ecoshop_product_vendors VALUES (8, 264, 2);
INSERT INTO public.ecoshop_product_vendors VALUES (9, 8, 28);
INSERT INTO public.ecoshop_product_vendors VALUES (10, 267, 6);
INSERT INTO public.ecoshop_product_vendors VALUES (11, 173, 11);
INSERT INTO public.ecoshop_product_vendors VALUES (12, 32, 6);
INSERT INTO public.ecoshop_product_vendors VALUES (13, 37, 25);
INSERT INTO public.ecoshop_product_vendors VALUES (14, 78, 16);
INSERT INTO public.ecoshop_product_vendors VALUES (15, 170, 7);
INSERT INTO public.ecoshop_product_vendors VALUES (16, 143, 32);
INSERT INTO public.ecoshop_product_vendors VALUES (17, 98, 6);
INSERT INTO public.ecoshop_product_vendors VALUES (18, 98, 25);
INSERT INTO public.ecoshop_product_vendors VALUES (19, 209, 22);
INSERT INTO public.ecoshop_product_vendors VALUES (20, 203, 32);
INSERT INTO public.ecoshop_product_vendors VALUES (21, 16, 31);
INSERT INTO public.ecoshop_product_vendors VALUES (22, 285, 30);
INSERT INTO public.ecoshop_product_vendors VALUES (23, 174, 22);
INSERT INTO public.ecoshop_product_vendors VALUES (24, 14, 33);
INSERT INTO public.ecoshop_product_vendors VALUES (25, 192, 14);
INSERT INTO public.ecoshop_product_vendors VALUES (26, 44, 39);
INSERT INTO public.ecoshop_product_vendors VALUES (27, 255, 37);
INSERT INTO public.ecoshop_product_vendors VALUES (28, 231, 7);
INSERT INTO public.ecoshop_product_vendors VALUES (29, 97, 31);
INSERT INTO public.ecoshop_product_vendors VALUES (30, 127, 38);
INSERT INTO public.ecoshop_product_vendors VALUES (31, 163, 27);
INSERT INTO public.ecoshop_product_vendors VALUES (32, 35, 7);
INSERT INTO public.ecoshop_product_vendors VALUES (33, 8, 14);
INSERT INTO public.ecoshop_product_vendors VALUES (34, 120, 13);
INSERT INTO public.ecoshop_product_vendors VALUES (35, 17, 30);
INSERT INTO public.ecoshop_product_vendors VALUES (36, 77, 11);
INSERT INTO public.ecoshop_product_vendors VALUES (37, 146, 6);
INSERT INTO public.ecoshop_product_vendors VALUES (38, 261, 31);
INSERT INTO public.ecoshop_product_vendors VALUES (39, 259, 25);
INSERT INTO public.ecoshop_product_vendors VALUES (40, 166, 6);
INSERT INTO public.ecoshop_product_vendors VALUES (41, 200, 35);
INSERT INTO public.ecoshop_product_vendors VALUES (42, 200, 14);
INSERT INTO public.ecoshop_product_vendors VALUES (43, 76, 3);
INSERT INTO public.ecoshop_product_vendors VALUES (44, 139, 30);
INSERT INTO public.ecoshop_product_vendors VALUES (45, 244, 10);
INSERT INTO public.ecoshop_product_vendors VALUES (46, 162, 38);
INSERT INTO public.ecoshop_product_vendors VALUES (47, 230, 40);
INSERT INTO public.ecoshop_product_vendors VALUES (48, 232, 14);
INSERT INTO public.ecoshop_product_vendors VALUES (49, 202, 4);
INSERT INTO public.ecoshop_product_vendors VALUES (50, 190, 29);
INSERT INTO public.ecoshop_product_vendors VALUES (51, 248, 13);


--
-- TOC entry 5007 (class 0 OID 16943)
-- Dependencies: 244
-- Data for Name: ecoshop_review; Type: TABLE DATA; Schema: public; Owner: ecoshop
--

INSERT INTO public.ecoshop_review VALUES (1, 'Good', 'Somothing review', '12', '2023-01-10 00:00:00+03', 37);
INSERT INTO public.ecoshop_review VALUES (2, 'Good', 'Somothing review', '19', '2023-04-08 00:00:00+03', 228);
INSERT INTO public.ecoshop_review VALUES (3, 'Good', 'Somothing review', '5', '2023-12-07 00:00:00+03', 274);
INSERT INTO public.ecoshop_review VALUES (4, 'So so', 'Somothing review', '11', '2023-09-03 00:00:00+03', 210);
INSERT INTO public.ecoshop_review VALUES (5, 'Good', 'Somothing review', '4', '2023-04-12 00:00:00+03', 260);
INSERT INTO public.ecoshop_review VALUES (6, 'So so', 'Somothing review', '4', '2023-05-14 00:00:00+03', 125);
INSERT INTO public.ecoshop_review VALUES (7, 'Good', 'Somothing review', '7', '2023-08-04 00:00:00+03', 228);
INSERT INTO public.ecoshop_review VALUES (8, 'Good', 'Somothing review', '16', '2023-01-15 00:00:00+03', 76);
INSERT INTO public.ecoshop_review VALUES (9, 'Bad', 'Somothing review', '19', '2023-12-24 00:00:00+03', 51);
INSERT INTO public.ecoshop_review VALUES (10, 'Bad', 'Somothing review', '13', '2023-10-06 00:00:00+03', 238);
INSERT INTO public.ecoshop_review VALUES (11, 'Bad', 'Somothing review', '15', '2023-05-16 00:00:00+03', 74);
INSERT INTO public.ecoshop_review VALUES (12, 'Bad', 'Somothing review', '19', '2023-10-26 00:00:00+03', 206);
INSERT INTO public.ecoshop_review VALUES (13, 'Bad', 'Somothing review', '11', '2023-06-13 00:00:00+03', 13);
INSERT INTO public.ecoshop_review VALUES (14, 'Bad', 'Somothing review', '3', '2023-11-03 00:00:00+03', 130);
INSERT INTO public.ecoshop_review VALUES (15, 'So so', 'Somothing review', '8', '2023-07-05 00:00:00+03', 242);
INSERT INTO public.ecoshop_review VALUES (16, 'Good', 'Somothing review', '11', '2023-11-21 00:00:00+03', 249);
INSERT INTO public.ecoshop_review VALUES (17, 'So so', 'Somothing review', '16', '2023-04-16 00:00:00+03', 170);
INSERT INTO public.ecoshop_review VALUES (18, 'Bad', 'Somothing review', '13', '2023-11-09 00:00:00+03', 162);
INSERT INTO public.ecoshop_review VALUES (19, 'Bad', 'Somothing review', '6', '2023-12-16 00:00:00+03', 98);
INSERT INTO public.ecoshop_review VALUES (20, 'Bad', 'Somothing review', '10', '2023-07-16 00:00:00+03', 36);
INSERT INTO public.ecoshop_review VALUES (21, 'So so', 'Somothing review', '7', '2023-01-13 00:00:00+03', 239);
INSERT INTO public.ecoshop_review VALUES (22, 'Good', 'Somothing review', '11', '2023-04-09 00:00:00+03', 103);
INSERT INTO public.ecoshop_review VALUES (23, 'So so', 'Somothing review', '8', '2023-09-28 00:00:00+03', 213);
INSERT INTO public.ecoshop_review VALUES (24, 'Good', 'Somothing review', '8', '2023-01-13 00:00:00+03', 193);
INSERT INTO public.ecoshop_review VALUES (25, 'Good', 'Somothing review', '3', '2023-01-05 00:00:00+03', 264);
INSERT INTO public.ecoshop_review VALUES (26, 'Bad', 'Somothing review', '15', '2023-08-20 00:00:00+03', 168);
INSERT INTO public.ecoshop_review VALUES (27, 'Bad', 'Somothing review', '12', '2023-08-24 00:00:00+03', 190);
INSERT INTO public.ecoshop_review VALUES (28, 'Bad', 'Somothing review', '1', '2023-10-17 00:00:00+03', 196);
INSERT INTO public.ecoshop_review VALUES (29, 'Good', 'Somothing review', '7', '2023-11-09 00:00:00+03', 122);
INSERT INTO public.ecoshop_review VALUES (30, 'Bad', 'Somothing review', '13', '2023-02-15 00:00:00+03', 224);
INSERT INTO public.ecoshop_review VALUES (31, 'Good', 'Somothing review', '7', '2023-07-19 00:00:00+03', 159);
INSERT INTO public.ecoshop_review VALUES (32, 'Bad', 'Somothing review', '17', '2023-03-04 00:00:00+03', 170);
INSERT INTO public.ecoshop_review VALUES (33, 'Bad', 'Somothing review', '18', '2023-01-03 00:00:00+03', 162);
INSERT INTO public.ecoshop_review VALUES (34, 'Bad', 'Somothing review', '20', '2023-04-15 00:00:00+03', 86);
INSERT INTO public.ecoshop_review VALUES (35, 'Bad', 'Somothing review', '21', '2023-11-11 00:00:00+03', 121);
INSERT INTO public.ecoshop_review VALUES (36, 'Bad', 'Somothing review', '15', '2023-11-01 00:00:00+03', 104);
INSERT INTO public.ecoshop_review VALUES (37, 'Bad', 'Somothing review', '5', '2023-08-27 00:00:00+03', 135);
INSERT INTO public.ecoshop_review VALUES (38, 'Bad', 'Somothing review', '8', '2023-12-02 00:00:00+03', 37);
INSERT INTO public.ecoshop_review VALUES (39, 'Bad', 'Somothing review', '11', '2023-06-07 00:00:00+03', 59);
INSERT INTO public.ecoshop_review VALUES (40, 'Bad', 'Somothing review', '11', '2023-07-30 00:00:00+03', 176);
INSERT INTO public.ecoshop_review VALUES (41, 'So so', 'Somothing review', '12', '2023-09-17 00:00:00+03', 223);
INSERT INTO public.ecoshop_review VALUES (42, 'So so', 'Somothing review', '2', '2023-07-25 00:00:00+03', 271);
INSERT INTO public.ecoshop_review VALUES (43, 'So so', 'Somothing review', '13', '2023-04-01 00:00:00+03', 47);
INSERT INTO public.ecoshop_review VALUES (44, 'Good', 'Somothing review', '15', '2023-02-20 00:00:00+03', 119);
INSERT INTO public.ecoshop_review VALUES (45, 'Good', 'Somothing review', '21', '2023-10-10 00:00:00+03', 207);
INSERT INTO public.ecoshop_review VALUES (46, 'Bad', 'Somothing review', '10', '2023-08-26 00:00:00+03', 57);
INSERT INTO public.ecoshop_review VALUES (47, 'Good', 'Somothing review', '2', '2023-01-15 00:00:00+03', 52);
INSERT INTO public.ecoshop_review VALUES (48, 'Bad', 'Somothing review', '9', '2023-08-10 00:00:00+03', 17);
INSERT INTO public.ecoshop_review VALUES (49, 'So so', 'Somothing review', '1', '2023-08-16 00:00:00+03', 112);
INSERT INTO public.ecoshop_review VALUES (50, 'So so', 'Somothing review', '19', '2023-07-28 00:00:00+03', 62);


--
-- TOC entry 5005 (class 0 OID 16935)
-- Dependencies: 242
-- Data for Name: ecoshop_vendor; Type: TABLE DATA; Schema: public; Owner: ecoshop
--

INSERT INTO public.ecoshop_vendor VALUES (2, 'Native Leaf', 'Argentina', '', '431977302281', NULL);
INSERT INTO public.ecoshop_vendor VALUES (3, 'Ossa Organic', 'Argentina', '', '764484188375', NULL);
INSERT INTO public.ecoshop_vendor VALUES (4, 'Prozan Juana la Loca', 'Argentina', '', '512886573452', NULL);
INSERT INTO public.ecoshop_vendor VALUES (5, 'Susana Balbo', 'Argentina', '', '549859509368', NULL);
INSERT INTO public.ecoshop_vendor VALUES (6, 'Curtis Family Vineyard', 'Australia', '', '662100008990', NULL);
INSERT INTO public.ecoshop_vendor VALUES (7, 'Lyre''s', 'Australia', '', '196514813512', NULL);
INSERT INTO public.ecoshop_vendor VALUES (8, 'McGuigan', 'Australia', '', '885751639595', NULL);
INSERT INTO public.ecoshop_vendor VALUES (9, 'Pana Chocolate', 'Australia', '', '300446807165', NULL);
INSERT INTO public.ecoshop_vendor VALUES (10, 'Pana Organic', 'Australia', '', '562037973762', NULL);
INSERT INTO public.ecoshop_vendor VALUES (11, 'Taylor and Colledge', 'Australia', '', '822872131541', NULL);
INSERT INTO public.ecoshop_vendor VALUES (12, 'Tempus Two', 'Australia', '', '750361373504', NULL);
INSERT INTO public.ecoshop_vendor VALUES (13, 'Chocolate Trading Co', 'Belgium', '', '941829147540', NULL);
INSERT INTO public.ecoshop_vendor VALUES (14, 'Frederic Blondeel', 'Belgium', '', '660796253365', NULL);
INSERT INTO public.ecoshop_vendor VALUES (15, 'Harvey & Brockless', 'Belgium', '', '632664349139', NULL);
INSERT INTO public.ecoshop_vendor VALUES (16, 'I Love Snacks', 'Belgium', '', '142087007716', NULL);
INSERT INTO public.ecoshop_vendor VALUES (17, 'Nibble', 'Belgium', '', '183662997143', NULL);
INSERT INTO public.ecoshop_vendor VALUES (18, 'Ossa Organic', 'Belgium', '', '159274109876', NULL);
INSERT INTO public.ecoshop_vendor VALUES (19, '4Vita', 'Brazil', '', '398349881400', NULL);
INSERT INTO public.ecoshop_vendor VALUES (20, 'Batch26', 'Brazil', '', '698995647817', NULL);
INSERT INTO public.ecoshop_vendor VALUES (21, 'Coffee World', 'Brazil', '', '477807684331', NULL);
INSERT INTO public.ecoshop_vendor VALUES (22, 'JustIngredients', 'Brazil', '', '679250515727', NULL);
INSERT INTO public.ecoshop_vendor VALUES (23, 'Spiral Tea', 'Brazil', '', '125196742622', NULL);
INSERT INTO public.ecoshop_vendor VALUES (24, 'Two Chimps Coffee', 'Brazil', '', '740878915047', NULL);
INSERT INTO public.ecoshop_vendor VALUES (25, 'Apetina', 'Denmark', '', '181344756081', NULL);
INSERT INTO public.ecoshop_vendor VALUES (26, 'JustIngredients', 'Egypt', '', '716640027142', NULL);
INSERT INTO public.ecoshop_vendor VALUES (27, 'Spiral Tea', 'Egypt', '', '664796152865', NULL);
INSERT INTO public.ecoshop_vendor VALUES (28, 'Ask Mummy & Daddy', 'Germany', '', '589771682525', NULL);
INSERT INTO public.ecoshop_vendor VALUES (29, 'BIRDS', 'Germany', '', '763760519394', NULL);
INSERT INTO public.ecoshop_vendor VALUES (30, 'Evolved Snacks', 'Germany', '', '576623007769', NULL);
INSERT INTO public.ecoshop_vendor VALUES (31, 'JustIngredients', 'Germany', '', '417553404795', NULL);
INSERT INTO public.ecoshop_vendor VALUES (32, 'KAKUZO', 'Germany', '', '311909597612', NULL);
INSERT INTO public.ecoshop_vendor VALUES (33, 'Karl Haidle', 'Germany', '', '731122279490', NULL);
INSERT INTO public.ecoshop_vendor VALUES (34, 'Mondino', 'Germany', '', '648889434750', NULL);
INSERT INTO public.ecoshop_vendor VALUES (35, 'ProYouth Nutrition', 'Germany', '', '554839386164', NULL);
INSERT INTO public.ecoshop_vendor VALUES (36, 'Rockster', 'Germany', '', '200736922919', NULL);
INSERT INTO public.ecoshop_vendor VALUES (37, 'Soof', 'Germany', '', '337796047439', NULL);
INSERT INTO public.ecoshop_vendor VALUES (38, 'The Gentle', 'Germany', '', '220110009162', NULL);
INSERT INTO public.ecoshop_vendor VALUES (39, 'Coffee World', 'Honduras', '', '298748679909', NULL);
INSERT INTO public.ecoshop_vendor VALUES (40, 'Pirate''s Grog Rum', 'Honduras', '', '327366539262', NULL);
INSERT INTO public.ecoshop_vendor VALUES (41, 'Vitlen Wine', 'Georgia', '', '776020648225', NULL);


--
-- TOC entry 5014 (class 0 OID 17021)
-- Dependencies: 251
-- Data for Name: ecoshop_vendor_rating; Type: TABLE DATA; Schema: public; Owner: ecoshop
--

INSERT INTO public.ecoshop_vendor_rating VALUES (1, 7, '2023-11-11 00:00:00+03', 14, 5);
INSERT INTO public.ecoshop_vendor_rating VALUES (2, 9, '2023-06-22 00:00:00+03', 6, 3);
INSERT INTO public.ecoshop_vendor_rating VALUES (3, 10, '2023-06-29 00:00:00+03', 12, 20);
INSERT INTO public.ecoshop_vendor_rating VALUES (4, 8, '2023-10-06 00:00:00+03', 18, 13);
INSERT INTO public.ecoshop_vendor_rating VALUES (5, 4, '2023-09-02 00:00:00+03', 3, 8);
INSERT INTO public.ecoshop_vendor_rating VALUES (6, 9, '2023-08-08 00:00:00+03', 15, 28);
INSERT INTO public.ecoshop_vendor_rating VALUES (7, 7, '2023-12-12 00:00:00+03', 12, 32);
INSERT INTO public.ecoshop_vendor_rating VALUES (8, 9, '2023-12-27 00:00:00+03', 13, 4);
INSERT INTO public.ecoshop_vendor_rating VALUES (9, 5, '2023-06-29 00:00:00+03', 13, 30);
INSERT INTO public.ecoshop_vendor_rating VALUES (10, 8, '2023-09-06 00:00:00+03', 1, 18);
INSERT INTO public.ecoshop_vendor_rating VALUES (11, 9, '2023-07-04 00:00:00+03', 17, 32);
INSERT INTO public.ecoshop_vendor_rating VALUES (12, 6, '2023-03-12 00:00:00+03', 6, 11);
INSERT INTO public.ecoshop_vendor_rating VALUES (13, 5, '2023-05-23 00:00:00+03', 4, 37);
INSERT INTO public.ecoshop_vendor_rating VALUES (14, 4, '2023-08-09 00:00:00+03', 4, 10);
INSERT INTO public.ecoshop_vendor_rating VALUES (15, 10, '2023-12-28 00:00:00+03', 20, 4);
INSERT INTO public.ecoshop_vendor_rating VALUES (16, 5, '2023-04-04 00:00:00+03', 13, 40);
INSERT INTO public.ecoshop_vendor_rating VALUES (17, 9, '2023-10-04 00:00:00+03', 1, 28);
INSERT INTO public.ecoshop_vendor_rating VALUES (18, 7, '2023-06-02 00:00:00+03', 9, 30);
INSERT INTO public.ecoshop_vendor_rating VALUES (19, 7, '2023-07-21 00:00:00+03', 14, 20);
INSERT INTO public.ecoshop_vendor_rating VALUES (20, 3, '2023-06-18 00:00:00+03', 7, 6);


--
-- TOC entry 5022 (class 0 OID 0)
-- Dependencies: 221
-- Name: auth_group_id_seq; Type: SEQUENCE SET; Schema: public; Owner: ecoshop
--

SELECT pg_catalog.setval('public.auth_group_id_seq', 1, false);


--
-- TOC entry 5023 (class 0 OID 0)
-- Dependencies: 223
-- Name: auth_group_permissions_id_seq; Type: SEQUENCE SET; Schema: public; Owner: ecoshop
--

SELECT pg_catalog.setval('public.auth_group_permissions_id_seq', 1, false);


--
-- TOC entry 5024 (class 0 OID 0)
-- Dependencies: 219
-- Name: auth_permission_id_seq; Type: SEQUENCE SET; Schema: public; Owner: ecoshop
--

SELECT pg_catalog.setval('public.auth_permission_id_seq', 56, true);


--
-- TOC entry 5025 (class 0 OID 0)
-- Dependencies: 227
-- Name: auth_user_groups_id_seq; Type: SEQUENCE SET; Schema: public; Owner: ecoshop
--

SELECT pg_catalog.setval('public.auth_user_groups_id_seq', 1, false);


--
-- TOC entry 5026 (class 0 OID 0)
-- Dependencies: 225
-- Name: auth_user_id_seq; Type: SEQUENCE SET; Schema: public; Owner: ecoshop
--

SELECT pg_catalog.setval('public.auth_user_id_seq', 1, true);


--
-- TOC entry 5027 (class 0 OID 0)
-- Dependencies: 229
-- Name: auth_user_user_permissions_id_seq; Type: SEQUENCE SET; Schema: public; Owner: ecoshop
--

SELECT pg_catalog.setval('public.auth_user_user_permissions_id_seq', 1, false);


--
-- TOC entry 5028 (class 0 OID 0)
-- Dependencies: 231
-- Name: django_admin_log_id_seq; Type: SEQUENCE SET; Schema: public; Owner: ecoshop
--

SELECT pg_catalog.setval('public.django_admin_log_id_seq', 2, true);


--
-- TOC entry 5029 (class 0 OID 0)
-- Dependencies: 217
-- Name: django_content_type_id_seq; Type: SEQUENCE SET; Schema: public; Owner: ecoshop
--

SELECT pg_catalog.setval('public.django_content_type_id_seq', 14, true);


--
-- TOC entry 5030 (class 0 OID 0)
-- Dependencies: 215
-- Name: django_migrations_id_seq; Type: SEQUENCE SET; Schema: public; Owner: ecoshop
--

SELECT pg_catalog.setval('public.django_migrations_id_seq', 23, true);


--
-- TOC entry 5031 (class 0 OID 0)
-- Dependencies: 233
-- Name: ecoshop_category_id_seq; Type: SEQUENCE SET; Schema: public; Owner: ecoshop
--

SELECT pg_catalog.setval('public.ecoshop_category_id_seq', 17, true);


--
-- TOC entry 5032 (class 0 OID 0)
-- Dependencies: 235
-- Name: ecoshop_customer_id_seq; Type: SEQUENCE SET; Schema: public; Owner: ecoshop
--

SELECT pg_catalog.setval('public.ecoshop_customer_id_seq', 21, true);


--
-- TOC entry 5033 (class 0 OID 0)
-- Dependencies: 252
-- Name: ecoshop_customerrating_id_seq; Type: SEQUENCE SET; Schema: public; Owner: ecoshop
--

SELECT pg_catalog.setval('public.ecoshop_customerrating_id_seq', 40, true);


--
-- TOC entry 5034 (class 0 OID 0)
-- Dependencies: 247
-- Name: ecoshop_passport_id_seq; Type: SEQUENCE SET; Schema: public; Owner: ecoshop
--

SELECT pg_catalog.setval('public.ecoshop_passport_id_seq', 21, true);


--
-- TOC entry 5035 (class 0 OID 0)
-- Dependencies: 239
-- Name: ecoshop_product_customers_id_seq; Type: SEQUENCE SET; Schema: public; Owner: ecoshop
--

SELECT pg_catalog.setval('public.ecoshop_product_customers_id_seq', 50, true);


--
-- TOC entry 5036 (class 0 OID 0)
-- Dependencies: 237
-- Name: ecoshop_product_id_seq; Type: SEQUENCE SET; Schema: public; Owner: ecoshop
--

SELECT pg_catalog.setval('public.ecoshop_product_id_seq', 286, true);


--
-- TOC entry 5037 (class 0 OID 0)
-- Dependencies: 245
-- Name: ecoshop_product_vendors_id_seq; Type: SEQUENCE SET; Schema: public; Owner: ecoshop
--

SELECT pg_catalog.setval('public.ecoshop_product_vendors_id_seq', 51, true);


--
-- TOC entry 5038 (class 0 OID 0)
-- Dependencies: 243
-- Name: ecoshop_review_id_seq; Type: SEQUENCE SET; Schema: public; Owner: ecoshop
--

SELECT pg_catalog.setval('public.ecoshop_review_id_seq', 50, true);


--
-- TOC entry 5039 (class 0 OID 0)
-- Dependencies: 241
-- Name: ecoshop_vendor_id_seq; Type: SEQUENCE SET; Schema: public; Owner: ecoshop
--

SELECT pg_catalog.setval('public.ecoshop_vendor_id_seq', 41, true);


--
-- TOC entry 5040 (class 0 OID 0)
-- Dependencies: 250
-- Name: ecoshop_vendorrating_id_seq; Type: SEQUENCE SET; Schema: public; Owner: ecoshop
--

SELECT pg_catalog.setval('public.ecoshop_vendorrating_id_seq', 20, true);


--
-- TOC entry 4745 (class 2606 OID 16903)
-- Name: auth_group auth_group_name_key; Type: CONSTRAINT; Schema: public; Owner: ecoshop
--

ALTER TABLE ONLY public.auth_group
    ADD CONSTRAINT auth_group_name_key UNIQUE (name);


--
-- TOC entry 4750 (class 2606 OID 16834)
-- Name: auth_group_permissions auth_group_permissions_group_id_permission_id_0cd325b0_uniq; Type: CONSTRAINT; Schema: public; Owner: ecoshop
--

ALTER TABLE ONLY public.auth_group_permissions
    ADD CONSTRAINT auth_group_permissions_group_id_permission_id_0cd325b0_uniq UNIQUE (group_id, permission_id);


--
-- TOC entry 4753 (class 2606 OID 16803)
-- Name: auth_group_permissions auth_group_permissions_pkey; Type: CONSTRAINT; Schema: public; Owner: ecoshop
--

ALTER TABLE ONLY public.auth_group_permissions
    ADD CONSTRAINT auth_group_permissions_pkey PRIMARY KEY (id);


--
-- TOC entry 4747 (class 2606 OID 16795)
-- Name: auth_group auth_group_pkey; Type: CONSTRAINT; Schema: public; Owner: ecoshop
--

ALTER TABLE ONLY public.auth_group
    ADD CONSTRAINT auth_group_pkey PRIMARY KEY (id);


--
-- TOC entry 4740 (class 2606 OID 16825)
-- Name: auth_permission auth_permission_content_type_id_codename_01ab375a_uniq; Type: CONSTRAINT; Schema: public; Owner: ecoshop
--

ALTER TABLE ONLY public.auth_permission
    ADD CONSTRAINT auth_permission_content_type_id_codename_01ab375a_uniq UNIQUE (content_type_id, codename);


--
-- TOC entry 4742 (class 2606 OID 16789)
-- Name: auth_permission auth_permission_pkey; Type: CONSTRAINT; Schema: public; Owner: ecoshop
--

ALTER TABLE ONLY public.auth_permission
    ADD CONSTRAINT auth_permission_pkey PRIMARY KEY (id);


--
-- TOC entry 4761 (class 2606 OID 16817)
-- Name: auth_user_groups auth_user_groups_pkey; Type: CONSTRAINT; Schema: public; Owner: ecoshop
--

ALTER TABLE ONLY public.auth_user_groups
    ADD CONSTRAINT auth_user_groups_pkey PRIMARY KEY (id);


--
-- TOC entry 4764 (class 2606 OID 16849)
-- Name: auth_user_groups auth_user_groups_user_id_group_id_94350c0c_uniq; Type: CONSTRAINT; Schema: public; Owner: ecoshop
--

ALTER TABLE ONLY public.auth_user_groups
    ADD CONSTRAINT auth_user_groups_user_id_group_id_94350c0c_uniq UNIQUE (user_id, group_id);


--
-- TOC entry 4755 (class 2606 OID 16809)
-- Name: auth_user auth_user_pkey; Type: CONSTRAINT; Schema: public; Owner: ecoshop
--

ALTER TABLE ONLY public.auth_user
    ADD CONSTRAINT auth_user_pkey PRIMARY KEY (id);


--
-- TOC entry 4767 (class 2606 OID 16823)
-- Name: auth_user_user_permissions auth_user_user_permissions_pkey; Type: CONSTRAINT; Schema: public; Owner: ecoshop
--

ALTER TABLE ONLY public.auth_user_user_permissions
    ADD CONSTRAINT auth_user_user_permissions_pkey PRIMARY KEY (id);


--
-- TOC entry 4770 (class 2606 OID 16863)
-- Name: auth_user_user_permissions auth_user_user_permissions_user_id_permission_id_14a6b632_uniq; Type: CONSTRAINT; Schema: public; Owner: ecoshop
--

ALTER TABLE ONLY public.auth_user_user_permissions
    ADD CONSTRAINT auth_user_user_permissions_user_id_permission_id_14a6b632_uniq UNIQUE (user_id, permission_id);


--
-- TOC entry 4758 (class 2606 OID 16898)
-- Name: auth_user auth_user_username_key; Type: CONSTRAINT; Schema: public; Owner: ecoshop
--

ALTER TABLE ONLY public.auth_user
    ADD CONSTRAINT auth_user_username_key UNIQUE (username);


--
-- TOC entry 4773 (class 2606 OID 16884)
-- Name: django_admin_log django_admin_log_pkey; Type: CONSTRAINT; Schema: public; Owner: ecoshop
--

ALTER TABLE ONLY public.django_admin_log
    ADD CONSTRAINT django_admin_log_pkey PRIMARY KEY (id);


--
-- TOC entry 4735 (class 2606 OID 16783)
-- Name: django_content_type django_content_type_app_label_model_76bd3d3b_uniq; Type: CONSTRAINT; Schema: public; Owner: ecoshop
--

ALTER TABLE ONLY public.django_content_type
    ADD CONSTRAINT django_content_type_app_label_model_76bd3d3b_uniq UNIQUE (app_label, model);


--
-- TOC entry 4737 (class 2606 OID 16781)
-- Name: django_content_type django_content_type_pkey; Type: CONSTRAINT; Schema: public; Owner: ecoshop
--

ALTER TABLE ONLY public.django_content_type
    ADD CONSTRAINT django_content_type_pkey PRIMARY KEY (id);


--
-- TOC entry 4733 (class 2606 OID 16775)
-- Name: django_migrations django_migrations_pkey; Type: CONSTRAINT; Schema: public; Owner: ecoshop
--

ALTER TABLE ONLY public.django_migrations
    ADD CONSTRAINT django_migrations_pkey PRIMARY KEY (id);


--
-- TOC entry 4805 (class 2606 OID 17015)
-- Name: django_session django_session_pkey; Type: CONSTRAINT; Schema: public; Owner: ecoshop
--

ALTER TABLE ONLY public.django_session
    ADD CONSTRAINT django_session_pkey PRIMARY KEY (session_key);


--
-- TOC entry 4776 (class 2606 OID 16910)
-- Name: ecoshop_category ecoshop_category_pkey; Type: CONSTRAINT; Schema: public; Owner: ecoshop
--

ALTER TABLE ONLY public.ecoshop_category
    ADD CONSTRAINT ecoshop_category_pkey PRIMARY KEY (id);


--
-- TOC entry 4778 (class 2606 OID 16918)
-- Name: ecoshop_customer ecoshop_customer_pkey; Type: CONSTRAINT; Schema: public; Owner: ecoshop
--

ALTER TABLE ONLY public.ecoshop_customer
    ADD CONSTRAINT ecoshop_customer_pkey PRIMARY KEY (id);


--
-- TOC entry 4814 (class 2606 OID 17033)
-- Name: ecoshop_customer_rating ecoshop_customerrating_pkey; Type: CONSTRAINT; Schema: public; Owner: ecoshop
--

ALTER TABLE ONLY public.ecoshop_customer_rating
    ADD CONSTRAINT ecoshop_customerrating_pkey PRIMARY KEY (id);


--
-- TOC entry 4800 (class 2606 OID 16963)
-- Name: ecoshop_passport ecoshop_passport_customer_id_key; Type: CONSTRAINT; Schema: public; Owner: ecoshop
--

ALTER TABLE ONLY public.ecoshop_passport
    ADD CONSTRAINT ecoshop_passport_customer_id_key UNIQUE (customer_id);


--
-- TOC entry 4802 (class 2606 OID 16961)
-- Name: ecoshop_passport ecoshop_passport_pkey; Type: CONSTRAINT; Schema: public; Owner: ecoshop
--

ALTER TABLE ONLY public.ecoshop_passport
    ADD CONSTRAINT ecoshop_passport_pkey PRIMARY KEY (id);


--
-- TOC entry 4784 (class 2606 OID 16933)
-- Name: ecoshop_product_customers ecoshop_product_customers_pkey; Type: CONSTRAINT; Schema: public; Owner: ecoshop
--

ALTER TABLE ONLY public.ecoshop_product_customers
    ADD CONSTRAINT ecoshop_product_customers_pkey PRIMARY KEY (id);


--
-- TOC entry 4787 (class 2606 OID 16971)
-- Name: ecoshop_product_customers ecoshop_product_customers_product_id_customer_id_1d8c0feb_uniq; Type: CONSTRAINT; Schema: public; Owner: ecoshop
--

ALTER TABLE ONLY public.ecoshop_product_customers
    ADD CONSTRAINT ecoshop_product_customers_product_id_customer_id_1d8c0feb_uniq UNIQUE (product_id, customer_id);


--
-- TOC entry 4781 (class 2606 OID 16927)
-- Name: ecoshop_product ecoshop_product_pkey; Type: CONSTRAINT; Schema: public; Owner: ecoshop
--

ALTER TABLE ONLY public.ecoshop_product
    ADD CONSTRAINT ecoshop_product_pkey PRIMARY KEY (id);


--
-- TOC entry 4794 (class 2606 OID 16955)
-- Name: ecoshop_product_vendors ecoshop_product_vendors_pkey; Type: CONSTRAINT; Schema: public; Owner: ecoshop
--

ALTER TABLE ONLY public.ecoshop_product_vendors
    ADD CONSTRAINT ecoshop_product_vendors_pkey PRIMARY KEY (id);


--
-- TOC entry 4797 (class 2606 OID 16991)
-- Name: ecoshop_product_vendors ecoshop_product_vendors_product_id_vendor_id_c7d425d0_uniq; Type: CONSTRAINT; Schema: public; Owner: ecoshop
--

ALTER TABLE ONLY public.ecoshop_product_vendors
    ADD CONSTRAINT ecoshop_product_vendors_product_id_vendor_id_c7d425d0_uniq UNIQUE (product_id, vendor_id);


--
-- TOC entry 4791 (class 2606 OID 16949)
-- Name: ecoshop_review ecoshop_review_pkey; Type: CONSTRAINT; Schema: public; Owner: ecoshop
--

ALTER TABLE ONLY public.ecoshop_review
    ADD CONSTRAINT ecoshop_review_pkey PRIMARY KEY (id);


--
-- TOC entry 4789 (class 2606 OID 16941)
-- Name: ecoshop_vendor ecoshop_vendor_pkey; Type: CONSTRAINT; Schema: public; Owner: ecoshop
--

ALTER TABLE ONLY public.ecoshop_vendor
    ADD CONSTRAINT ecoshop_vendor_pkey PRIMARY KEY (id);


--
-- TOC entry 4809 (class 2606 OID 17026)
-- Name: ecoshop_vendor_rating ecoshop_vendorrating_pkey; Type: CONSTRAINT; Schema: public; Owner: ecoshop
--

ALTER TABLE ONLY public.ecoshop_vendor_rating
    ADD CONSTRAINT ecoshop_vendorrating_pkey PRIMARY KEY (id);


--
-- TOC entry 4743 (class 1259 OID 16904)
-- Name: auth_group_name_a6ea08ec_like; Type: INDEX; Schema: public; Owner: ecoshop
--

CREATE INDEX auth_group_name_a6ea08ec_like ON public.auth_group USING btree (name varchar_pattern_ops);


--
-- TOC entry 4748 (class 1259 OID 16845)
-- Name: auth_group_permissions_group_id_b120cbf9; Type: INDEX; Schema: public; Owner: ecoshop
--

CREATE INDEX auth_group_permissions_group_id_b120cbf9 ON public.auth_group_permissions USING btree (group_id);


--
-- TOC entry 4751 (class 1259 OID 16846)
-- Name: auth_group_permissions_permission_id_84c5c92e; Type: INDEX; Schema: public; Owner: ecoshop
--

CREATE INDEX auth_group_permissions_permission_id_84c5c92e ON public.auth_group_permissions USING btree (permission_id);


--
-- TOC entry 4738 (class 1259 OID 16831)
-- Name: auth_permission_content_type_id_2f476e4b; Type: INDEX; Schema: public; Owner: ecoshop
--

CREATE INDEX auth_permission_content_type_id_2f476e4b ON public.auth_permission USING btree (content_type_id);


--
-- TOC entry 4759 (class 1259 OID 16861)
-- Name: auth_user_groups_group_id_97559544; Type: INDEX; Schema: public; Owner: ecoshop
--

CREATE INDEX auth_user_groups_group_id_97559544 ON public.auth_user_groups USING btree (group_id);


--
-- TOC entry 4762 (class 1259 OID 16860)
-- Name: auth_user_groups_user_id_6a12ed8b; Type: INDEX; Schema: public; Owner: ecoshop
--

CREATE INDEX auth_user_groups_user_id_6a12ed8b ON public.auth_user_groups USING btree (user_id);


--
-- TOC entry 4765 (class 1259 OID 16875)
-- Name: auth_user_user_permissions_permission_id_1fbb5f2c; Type: INDEX; Schema: public; Owner: ecoshop
--

CREATE INDEX auth_user_user_permissions_permission_id_1fbb5f2c ON public.auth_user_user_permissions USING btree (permission_id);


--
-- TOC entry 4768 (class 1259 OID 16874)
-- Name: auth_user_user_permissions_user_id_a95ead1b; Type: INDEX; Schema: public; Owner: ecoshop
--

CREATE INDEX auth_user_user_permissions_user_id_a95ead1b ON public.auth_user_user_permissions USING btree (user_id);


--
-- TOC entry 4756 (class 1259 OID 16899)
-- Name: auth_user_username_6821ab7c_like; Type: INDEX; Schema: public; Owner: ecoshop
--

CREATE INDEX auth_user_username_6821ab7c_like ON public.auth_user USING btree (username varchar_pattern_ops);


--
-- TOC entry 4771 (class 1259 OID 16895)
-- Name: django_admin_log_content_type_id_c4bce8eb; Type: INDEX; Schema: public; Owner: ecoshop
--

CREATE INDEX django_admin_log_content_type_id_c4bce8eb ON public.django_admin_log USING btree (content_type_id);


--
-- TOC entry 4774 (class 1259 OID 16896)
-- Name: django_admin_log_user_id_c564eba6; Type: INDEX; Schema: public; Owner: ecoshop
--

CREATE INDEX django_admin_log_user_id_c564eba6 ON public.django_admin_log USING btree (user_id);


--
-- TOC entry 4803 (class 1259 OID 17017)
-- Name: django_session_expire_date_a5c62663; Type: INDEX; Schema: public; Owner: ecoshop
--

CREATE INDEX django_session_expire_date_a5c62663 ON public.django_session USING btree (expire_date);


--
-- TOC entry 4806 (class 1259 OID 17016)
-- Name: django_session_session_key_c0390e0f_like; Type: INDEX; Schema: public; Owner: ecoshop
--

CREATE INDEX django_session_session_key_c0390e0f_like ON public.django_session USING btree (session_key varchar_pattern_ops);


--
-- TOC entry 4811 (class 1259 OID 17056)
-- Name: ecoshop_customerrating_author_id_c53501eb; Type: INDEX; Schema: public; Owner: ecoshop
--

CREATE INDEX ecoshop_customerrating_author_id_c53501eb ON public.ecoshop_customer_rating USING btree (author_id);


--
-- TOC entry 4812 (class 1259 OID 17057)
-- Name: ecoshop_customerrating_customer_id_17586b75; Type: INDEX; Schema: public; Owner: ecoshop
--

CREATE INDEX ecoshop_customerrating_customer_id_17586b75 ON public.ecoshop_customer_rating USING btree (customer_id);


--
-- TOC entry 4779 (class 1259 OID 16969)
-- Name: ecoshop_product_category_id_60776198; Type: INDEX; Schema: public; Owner: ecoshop
--

CREATE INDEX ecoshop_product_category_id_60776198 ON public.ecoshop_product USING btree (category_id);


--
-- TOC entry 4782 (class 1259 OID 16983)
-- Name: ecoshop_product_customers_customer_id_ac1f2a70; Type: INDEX; Schema: public; Owner: ecoshop
--

CREATE INDEX ecoshop_product_customers_customer_id_ac1f2a70 ON public.ecoshop_product_customers USING btree (customer_id);


--
-- TOC entry 4785 (class 1259 OID 16982)
-- Name: ecoshop_product_customers_product_id_b8e12b14; Type: INDEX; Schema: public; Owner: ecoshop
--

CREATE INDEX ecoshop_product_customers_product_id_b8e12b14 ON public.ecoshop_product_customers USING btree (product_id);


--
-- TOC entry 4795 (class 1259 OID 17002)
-- Name: ecoshop_product_vendors_product_id_75cc1024; Type: INDEX; Schema: public; Owner: ecoshop
--

CREATE INDEX ecoshop_product_vendors_product_id_75cc1024 ON public.ecoshop_product_vendors USING btree (product_id);


--
-- TOC entry 4798 (class 1259 OID 17003)
-- Name: ecoshop_product_vendors_vendor_id_7b2cd572; Type: INDEX; Schema: public; Owner: ecoshop
--

CREATE INDEX ecoshop_product_vendors_vendor_id_7b2cd572 ON public.ecoshop_product_vendors USING btree (vendor_id);


--
-- TOC entry 4792 (class 1259 OID 16989)
-- Name: ecoshop_review_product_id_2605671b; Type: INDEX; Schema: public; Owner: ecoshop
--

CREATE INDEX ecoshop_review_product_id_2605671b ON public.ecoshop_review USING btree (product_id);


--
-- TOC entry 4807 (class 1259 OID 17044)
-- Name: ecoshop_vendorrating_author_id_1d171007; Type: INDEX; Schema: public; Owner: ecoshop
--

CREATE INDEX ecoshop_vendorrating_author_id_1d171007 ON public.ecoshop_vendor_rating USING btree (author_id);


--
-- TOC entry 4810 (class 1259 OID 17045)
-- Name: ecoshop_vendorrating_vendor_id_ab9927ed; Type: INDEX; Schema: public; Owner: ecoshop
--

CREATE INDEX ecoshop_vendorrating_vendor_id_ab9927ed ON public.ecoshop_vendor_rating USING btree (vendor_id);


--
-- TOC entry 4816 (class 2606 OID 16840)
-- Name: auth_group_permissions auth_group_permissio_permission_id_84c5c92e_fk_auth_perm; Type: FK CONSTRAINT; Schema: public; Owner: ecoshop
--

ALTER TABLE ONLY public.auth_group_permissions
    ADD CONSTRAINT auth_group_permissio_permission_id_84c5c92e_fk_auth_perm FOREIGN KEY (permission_id) REFERENCES public.auth_permission(id) DEFERRABLE INITIALLY DEFERRED;


--
-- TOC entry 4817 (class 2606 OID 16835)
-- Name: auth_group_permissions auth_group_permissions_group_id_b120cbf9_fk_auth_group_id; Type: FK CONSTRAINT; Schema: public; Owner: ecoshop
--

ALTER TABLE ONLY public.auth_group_permissions
    ADD CONSTRAINT auth_group_permissions_group_id_b120cbf9_fk_auth_group_id FOREIGN KEY (group_id) REFERENCES public.auth_group(id) DEFERRABLE INITIALLY DEFERRED;


--
-- TOC entry 4815 (class 2606 OID 16826)
-- Name: auth_permission auth_permission_content_type_id_2f476e4b_fk_django_co; Type: FK CONSTRAINT; Schema: public; Owner: ecoshop
--

ALTER TABLE ONLY public.auth_permission
    ADD CONSTRAINT auth_permission_content_type_id_2f476e4b_fk_django_co FOREIGN KEY (content_type_id) REFERENCES public.django_content_type(id) DEFERRABLE INITIALLY DEFERRED;


--
-- TOC entry 4818 (class 2606 OID 16855)
-- Name: auth_user_groups auth_user_groups_group_id_97559544_fk_auth_group_id; Type: FK CONSTRAINT; Schema: public; Owner: ecoshop
--

ALTER TABLE ONLY public.auth_user_groups
    ADD CONSTRAINT auth_user_groups_group_id_97559544_fk_auth_group_id FOREIGN KEY (group_id) REFERENCES public.auth_group(id) DEFERRABLE INITIALLY DEFERRED;


--
-- TOC entry 4819 (class 2606 OID 16850)
-- Name: auth_user_groups auth_user_groups_user_id_6a12ed8b_fk_auth_user_id; Type: FK CONSTRAINT; Schema: public; Owner: ecoshop
--

ALTER TABLE ONLY public.auth_user_groups
    ADD CONSTRAINT auth_user_groups_user_id_6a12ed8b_fk_auth_user_id FOREIGN KEY (user_id) REFERENCES public.auth_user(id) DEFERRABLE INITIALLY DEFERRED;


--
-- TOC entry 4820 (class 2606 OID 16869)
-- Name: auth_user_user_permissions auth_user_user_permi_permission_id_1fbb5f2c_fk_auth_perm; Type: FK CONSTRAINT; Schema: public; Owner: ecoshop
--

ALTER TABLE ONLY public.auth_user_user_permissions
    ADD CONSTRAINT auth_user_user_permi_permission_id_1fbb5f2c_fk_auth_perm FOREIGN KEY (permission_id) REFERENCES public.auth_permission(id) DEFERRABLE INITIALLY DEFERRED;


--
-- TOC entry 4821 (class 2606 OID 16864)
-- Name: auth_user_user_permissions auth_user_user_permissions_user_id_a95ead1b_fk_auth_user_id; Type: FK CONSTRAINT; Schema: public; Owner: ecoshop
--

ALTER TABLE ONLY public.auth_user_user_permissions
    ADD CONSTRAINT auth_user_user_permissions_user_id_a95ead1b_fk_auth_user_id FOREIGN KEY (user_id) REFERENCES public.auth_user(id) DEFERRABLE INITIALLY DEFERRED;


--
-- TOC entry 4822 (class 2606 OID 16885)
-- Name: django_admin_log django_admin_log_content_type_id_c4bce8eb_fk_django_co; Type: FK CONSTRAINT; Schema: public; Owner: ecoshop
--

ALTER TABLE ONLY public.django_admin_log
    ADD CONSTRAINT django_admin_log_content_type_id_c4bce8eb_fk_django_co FOREIGN KEY (content_type_id) REFERENCES public.django_content_type(id) DEFERRABLE INITIALLY DEFERRED;


--
-- TOC entry 4823 (class 2606 OID 16890)
-- Name: django_admin_log django_admin_log_user_id_c564eba6_fk_auth_user_id; Type: FK CONSTRAINT; Schema: public; Owner: ecoshop
--

ALTER TABLE ONLY public.django_admin_log
    ADD CONSTRAINT django_admin_log_user_id_c564eba6_fk_auth_user_id FOREIGN KEY (user_id) REFERENCES public.auth_user(id) DEFERRABLE INITIALLY DEFERRED;


--
-- TOC entry 4833 (class 2606 OID 17051)
-- Name: ecoshop_customer_rating ecoshop_customerrati_customer_id_17586b75_fk_ecoshop_c; Type: FK CONSTRAINT; Schema: public; Owner: ecoshop
--

ALTER TABLE ONLY public.ecoshop_customer_rating
    ADD CONSTRAINT ecoshop_customerrati_customer_id_17586b75_fk_ecoshop_c FOREIGN KEY (customer_id) REFERENCES public.ecoshop_customer(id) DEFERRABLE INITIALLY DEFERRED;


--
-- TOC entry 4834 (class 2606 OID 17046)
-- Name: ecoshop_customer_rating ecoshop_customerrating_author_id_c53501eb_fk_ecoshop_vendor_id; Type: FK CONSTRAINT; Schema: public; Owner: ecoshop
--

ALTER TABLE ONLY public.ecoshop_customer_rating
    ADD CONSTRAINT ecoshop_customerrating_author_id_c53501eb_fk_ecoshop_vendor_id FOREIGN KEY (author_id) REFERENCES public.ecoshop_vendor(id) DEFERRABLE INITIALLY DEFERRED;


--
-- TOC entry 4830 (class 2606 OID 17004)
-- Name: ecoshop_passport ecoshop_passport_customer_id_be4f11f2_fk_ecoshop_customer_id; Type: FK CONSTRAINT; Schema: public; Owner: ecoshop
--

ALTER TABLE ONLY public.ecoshop_passport
    ADD CONSTRAINT ecoshop_passport_customer_id_be4f11f2_fk_ecoshop_customer_id FOREIGN KEY (customer_id) REFERENCES public.ecoshop_customer(id) DEFERRABLE INITIALLY DEFERRED;


--
-- TOC entry 4824 (class 2606 OID 16964)
-- Name: ecoshop_product ecoshop_product_category_id_60776198_fk_ecoshop_category_id; Type: FK CONSTRAINT; Schema: public; Owner: ecoshop
--

ALTER TABLE ONLY public.ecoshop_product
    ADD CONSTRAINT ecoshop_product_category_id_60776198_fk_ecoshop_category_id FOREIGN KEY (category_id) REFERENCES public.ecoshop_category(id) DEFERRABLE INITIALLY DEFERRED;


--
-- TOC entry 4825 (class 2606 OID 16977)
-- Name: ecoshop_product_customers ecoshop_product_cust_customer_id_ac1f2a70_fk_ecoshop_c; Type: FK CONSTRAINT; Schema: public; Owner: ecoshop
--

ALTER TABLE ONLY public.ecoshop_product_customers
    ADD CONSTRAINT ecoshop_product_cust_customer_id_ac1f2a70_fk_ecoshop_c FOREIGN KEY (customer_id) REFERENCES public.ecoshop_customer(id) DEFERRABLE INITIALLY DEFERRED;


--
-- TOC entry 4826 (class 2606 OID 16972)
-- Name: ecoshop_product_customers ecoshop_product_cust_product_id_b8e12b14_fk_ecoshop_p; Type: FK CONSTRAINT; Schema: public; Owner: ecoshop
--

ALTER TABLE ONLY public.ecoshop_product_customers
    ADD CONSTRAINT ecoshop_product_cust_product_id_b8e12b14_fk_ecoshop_p FOREIGN KEY (product_id) REFERENCES public.ecoshop_product(id) DEFERRABLE INITIALLY DEFERRED;


--
-- TOC entry 4828 (class 2606 OID 16992)
-- Name: ecoshop_product_vendors ecoshop_product_vend_product_id_75cc1024_fk_ecoshop_p; Type: FK CONSTRAINT; Schema: public; Owner: ecoshop
--

ALTER TABLE ONLY public.ecoshop_product_vendors
    ADD CONSTRAINT ecoshop_product_vend_product_id_75cc1024_fk_ecoshop_p FOREIGN KEY (product_id) REFERENCES public.ecoshop_product(id) DEFERRABLE INITIALLY DEFERRED;


--
-- TOC entry 4829 (class 2606 OID 16997)
-- Name: ecoshop_product_vendors ecoshop_product_vendors_vendor_id_7b2cd572_fk_ecoshop_vendor_id; Type: FK CONSTRAINT; Schema: public; Owner: ecoshop
--

ALTER TABLE ONLY public.ecoshop_product_vendors
    ADD CONSTRAINT ecoshop_product_vendors_vendor_id_7b2cd572_fk_ecoshop_vendor_id FOREIGN KEY (vendor_id) REFERENCES public.ecoshop_vendor(id) DEFERRABLE INITIALLY DEFERRED;


--
-- TOC entry 4827 (class 2606 OID 16984)
-- Name: ecoshop_review ecoshop_review_product_id_2605671b_fk_ecoshop_product_id; Type: FK CONSTRAINT; Schema: public; Owner: ecoshop
--

ALTER TABLE ONLY public.ecoshop_review
    ADD CONSTRAINT ecoshop_review_product_id_2605671b_fk_ecoshop_product_id FOREIGN KEY (product_id) REFERENCES public.ecoshop_product(id) DEFERRABLE INITIALLY DEFERRED;


--
-- TOC entry 4831 (class 2606 OID 17034)
-- Name: ecoshop_vendor_rating ecoshop_vendorrating_author_id_1d171007_fk_ecoshop_customer_id; Type: FK CONSTRAINT; Schema: public; Owner: ecoshop
--

ALTER TABLE ONLY public.ecoshop_vendor_rating
    ADD CONSTRAINT ecoshop_vendorrating_author_id_1d171007_fk_ecoshop_customer_id FOREIGN KEY (author_id) REFERENCES public.ecoshop_customer(id) DEFERRABLE INITIALLY DEFERRED;


--
-- TOC entry 4832 (class 2606 OID 17039)
-- Name: ecoshop_vendor_rating ecoshop_vendorrating_vendor_id_ab9927ed_fk_ecoshop_vendor_id; Type: FK CONSTRAINT; Schema: public; Owner: ecoshop
--

ALTER TABLE ONLY public.ecoshop_vendor_rating
    ADD CONSTRAINT ecoshop_vendorrating_vendor_id_ab9927ed_fk_ecoshop_vendor_id FOREIGN KEY (vendor_id) REFERENCES public.ecoshop_vendor(id) DEFERRABLE INITIALLY DEFERRED;


-- Completed on 2023-10-19 16:14:36

--
-- PostgreSQL database dump complete
--

